time,open,high,low,close,tick_volume,spread,real_volume,support_trendline_15,resistance_trendline_15,support_gradient_15,resistance_gradient_15,supertrend_dir,Span_A,Span_B,fixed_resistance_gradient_15,fixed_support_gradient_15,fixed_support_trendline_15,fixed_resistance_trendline_15,hourly_time,time2,prev_hour_lsma_slope,prev_hour_macd_line,hour_lsma,fixed_support_gradient,fixed_resistance_gradient,prev_hour_lsma,fixed_support_trendline,fixed_resistance_trendline,prev_fixed_support_trendline,prev_fixed_resistance_trendline,prev_fixed_resistance_gradient,prev_fixed_support_gradient,ema_50,ema_24,prev_stochk,prev_stochd,prev_hour_macd_signal,prev_psar,prev_psar_direction,prev_nadaraya_watson,prev_nadaraya_watson_trend,nadaraya_upper_envelope,nadaraya_lower_envelope,wma_50,prev_supertrend_dir,HSpan_A,HSpan_B,nadaraya_watson,prev_nadaraya_lower_band,prev_nadaraya_upper_band,prev_HSpan_A,prev_HSpan_B,support_trendline,resistance_trendline,ema_short,ema_long,lsma,macd_line,macd_signal,lsma_stddev,lsma_slope,prev_lsma_slope_1,prev_lsma_slope_2,lsma_upper_band,lsma_lower_band,stoch_k,stoch_d,is_doji,is_doji_star,3whitesoldiers,3blackcrows,engulfing,inverted_hammer,two_crows,three_inside,three_line_strike,three_outside,three_stars_in_south,abandoned_baby,advance_block,belt_hold,breakaway,closing_marubozu,conceal_baby_swallow,counterattack,dark_cloud_cover,doji,doji_star,dragonfly_doji,evening_doji_star,evening_star,gap_side_side_white,gravestone_doji,hammer,hanging_man,harami,harami_cross,high_wave,hikkake,hikkake_mod,homing_pigeon,identical_three_crows,in_neck,kicking,kicking_by_length,ladder_bottom,long_legged_doji,long_line,matching_low,mat_hold,morning_doji_star,morning_star,on_neck,piercing,rickshaw_man,rise_fall_3_methods,separating_lines,shooting_star,short_line,spinning_top,stalled_pattern,stick_sandwich,takuri,tasuki_gap,thrusting,tristar,unique_3_river,upside_gap_two_crows,xside_gap_3_methods,ticket,is_buy2,is_sell2,signal,tp,sl,be,be_condition
2024-08-12 00:00:00,1.09129,1.09183,1.09088,1.09177,272,16,0,1.0908908827212918,1.0918193202475246,3.0141260394946614e-05,0.0001047557102941202,,,,,,,,2024-08-12 00:00:00,2024-08-12 00:00:00,,,,,,,,,,,,,,,,,,,,,,,,,,,,,,,,,1.0908908488836564,1.0932010769077989,,,,,,,,,,,,,,0,0,0,0,0,0,0,0,0,0,0,0,0,0,0,0,0,0,0,0,0,0,0,0,0,0,0,0,0,0,0,0,0,0,0,0,0,0,0,0,0,0,0,0,0,0,0,0,0,0,0,0,0,0,0,0,0,0,0,0,0,0,,False,False,,,,,
2024-08-12 01:00:00,1.09179,1.0918,1.09094,1.09122,1030,12,0,1.090950896707082,1.091863638728368,2.858682508632782e-05,0.00010853012961926232,,,,,,,,2024-08-12 01:00:00,2024-08-12 01:00:00,,,,,,,,,,,,,,,,,,,,,,,,,,,,,,,,,1.090950745132452,1.0920945580014993,,,,,,,,,,,,,,0,0,0,0,0,0,0,0,0,0,0,0,0,0,0,0,0,0,0,0,0,0,0,0,0,0,0,0,0,0,0,0,0,0,0,0,0,0,0,0,0,0,0,0,0,0,0,0,0,0,0,0,0,0,0,0,0,0,0,0,0,0,,False,False,,,,,
2024-08-12 02:00:00,1.09123,1.09143,1.09119,1.09121,1051,12,0,1.0910973072823456,1.0919822044897318,2.1546243666601057e-05,0.00010852673965563173,,,,,,,,2024-08-12 02:00:00,2024-08-12 02:00:00,,,,,,,,,,,,,,,,,,,,,,,,,,,,,,,,,1.0911153018065312,1.0921988707682893,,,,,,,,,,,,,,0,0,0,0,0,0,0,0,0,0,0,0,0,0,0,0,0,0,0,0,0,0,0,0,0,0,0,0,0,0,0,0,0,0,0,0,0,0,0,0,0,0,0,0,0,0,0,0,0,0,0,0,0,0,0,0,0,0,0,0,0,0,,False,False,,,,,
2024-08-12 03:00:00,1.09121,1.09191,1.09111,1.09176,1363,12,0,1.0911209064880467,1.0921006526885726,2.1540358238537464e-05,0.00010853086018653927,,,,,,,,2024-08-12 03:00:00,2024-08-12 03:00:00,,,,,,,,,,,,,,,,,,,,,,,,,,,,,,,,,1.0911207086015267,1.0923032696366337,,,,,,,,,,,,,,0,0,0,0,0,0,0,0,0,0,0,0,0,0,0,0,0,0,0,0,0,0,0,0,0,0,0,0,0,0,0,0,0,0,0,0,0,0,0,0,0,0,0,0,0,0,0,0,0,0,0,0,0,0,0,0,0,0,0,0,0,0,,False,False,,,,,
2024-08-12 04:00:00,1.09177,1.09223,1.09173,1.092,1500,12,0,1.091179224633651,1.0922191411916904,1.908604008993171e-05,0.00010853377379981432,,,,,,,,2024-08-12 04:00:00,2024-08-12 04:00:00,,,,,,,,,,,,,,,,,,,,,,,,,,,,,,,,,1.0912152596913318,1.0922191601513302,,,,,,,,,,,,,,0,0,0,0,0,0,0,0,0,0,0,0,0,0,0,0,0,0,0,0,0,0,0,0,0,0,0,0,0,0,0,0,0,0,0,0,0,0,0,0,0,0,0,0,0,0,0,0,0,0,0,0,0,0,0,0,0,0,0,0,0,0,,False,False,,,,,
2024-08-12 05:00:00,1.09199,1.09212,1.09171,1.09172,1142,12,0,1.091117042960479,1.0921090965137703,2.5425491752762254e-05,0.00012463316959117614,,,,,,,,2024-08-12 05:00:00,2024-08-12 05:00:00,,,,,,,,,,,,,,,,,,,,,,,,,,,,,,,,,1.0912182548895215,1.0921091502639009,,,,,,,,,,,,,,0,0,0,0,0,0,0,0,0,0,0,0,0,0,0,0,0,0,0,0,0,0,0,0,0,0,0,0,0,0,0,0,0,0,0,0,0,0,0,0,0,0,0,0,0,0,0,0,0,0,0,0,0,0,0,0,0,0,0,0,0,100,,False,False,,,,,
2024-08-12 06:00:00,1.09173,1.09182,1.09121,1.09134,1110,12,0,1.0908726484360487,1.0923862407707756,4.8101509715718634e-05,0.00011387447038012283,,,,,,,,2024-08-12 06:00:00,2024-08-12 06:00:00,,,,,,,,,,,,,,,,,,,,,,,,,,,,,,,,,1.091220622366684,1.091970978861661,,,1.0916099999999993,,,0.0003131483749948445,,,,1.091923148374994,1.0912968516250046,,,0,0,0,0,0,0,0,0,0,0,0,0,0,0,0,0,0,0,0,0,0,0,0,0,0,0,0,0,0,0,0,0,0,0,0,0,0,0,0,0,0,0,0,0,0,0,0,0,0,0,0,0,0,0,0,0,0,0,0,0,0,0,,False,False,,,,,
2024-08-12 07:00:00,1.09135,1.09209,1.0913,1.09183,920,12,0,1.090715914875038,1.0927776204565864,6.728041599853993e-05,9.166165720792831e-05,,,,,,,,2024-08-12 07:00:00,2024-08-12 07:00:00,,,,,,,,,,,,,,1.0916062500000001,,,,,,,,,,,,,,,,,,,1.0913103602026373,1.0921727085470947,,,1.091729285714286,,,0.0003201413378345363,0.00011928571428665435,,,1.0920494270521206,1.0914091443764513,,,0,0,0,0,0,0,0,0,0,0,0,0,0,0,0,0,0,0,0,0,0,0,0,0,0,0,0,0,0,0,0,0,0,0,0,0,0,0,0,0,0,0,0,0,0,0,0,0,0,0,0,0,0,0,0,0,0,0,0,0,0,0,,False,False,,,,,
2024-08-12 08:00:00,1.09184,1.09204,1.09169,1.09178,1096,12,0,1.0906175251477073,1.0931562655404226,8.477942064751699e-05,6.618404069462318e-05,,,,,,,,2024-08-12 08:00:00,2024-08-12 08:00:00,,,,,,,,,,,,,,1.0916448611111111,,,,,,,,,,,,,,,,,,,1.0913157507654303,1.0923753496671278,,,1.091747857142858,,,0.00028205875780961493,1.8571428572089488e-05,0.00011928571428665435,,1.0920299159006677,1.0914657983850484,,,0,0,0,0,0,0,0,0,0,0,0,0,0,0,0,0,0,0,0,0,0,0,0,0,0,0,0,0,0,0,0,0,0,0,0,0,0,0,0,0,0,0,0,0,0,0,0,0,0,0,0,0,0,0,0,0,0,0,0,0,0,0,,False,False,,,,,
2024-08-12 09:00:00,1.09181,1.09229,1.09152,1.09206,2746,12,0,1.090552878820728,1.0935308997025048,0.00010278643975792962,3.546560207641525e-05,,,,,,,,2024-08-12 09:00:00,2024-08-12 09:00:00,,,1.0918406060606072,,,,,,,,,,,1.091737114197531,,,,,,,,,,,,,,,,,,,1.0909836441724319,1.0925776653896961,,,1.091825000000001,,,0.0002333707452997798,7.714285714288671e-05,1.8571428572089488e-05,0.00011928571428665435,1.0920583707453007,1.0915916292547012,,,0,0,0,0,0,0,0,0,0,0,0,0,0,0,0,0,0,0,0,0,0,0,0,0,0,0,0,0,0,0,0,0,0,0,0,0,0,0,0,0,0,0,0,0,0,0,0,0,0,0,0,0,0,0,0,0,0,0,0,0,0,0,,False,False,,,,,
2024-08-12 10:00:00,1.09205,1.09279,1.09189,1.09216,3505,12,0,1.0905467978382624,1.0937720240846054,0.00011826679832472482,1.2339247089292948e-05,,,,,,,,2024-08-12 10:00:00,2024-08-12 10:00:00,,,1.0919969090909103,,,1.0918406060606072,,,,,,,,1.0918310888203018,,,,,,,,,,,,,,,,,,,1.0905770110699595,1.092779845268556,,,1.091955714285715,,,0.00027217816293884653,0.00013071428571409527,7.714285714288671e-05,1.8571428572089488e-05,1.092227892448654,1.0916835361227761,,,0,0,0,0,0,0,0,0,0,0,0,0,0,0,0,0,0,0,0,0,0,0,0,0,0,0,0,0,0,0,0,0,0,0,0,0,0,0,0,0,0,0,0,0,0,0,0,0,0,0,0,0,100,0,0,0,0,0,0,0,0,0,,False,False,,,,,
2024-08-12 11:00:00,1.09218,1.09247,1.09154,1.09201,3050,12,0,1.0906757942624281,1.093884069314941,0.00011826476305706025,-5.314382058168702e-07,,,,,,,,2024-08-12 11:00:00,2024-08-12 11:00:00,0.00015630303030311765,,1.0920196969696974,,,1.0919969090909103,,,,,,,,1.0918708468602347,,,,,,,,,,,,,,,,,,,1.0900658892173756,1.0925033743889723,1.0917383333333335,,1.0920385714285714,,,0.00027317358862746424,8.285714285638512e-05,0.00013071428571409527,7.714285714288671e-05,1.0923117450171989,1.091765397839944,,,0,0,0,0,-100,0,0,0,0,0,0,0,0,0,0,0,0,0,0,0,0,0,0,0,0,0,0,0,0,0,0,0,0,0,0,0,0,0,0,0,0,0,0,0,0,0,0,0,0,0,0,0,-100,0,0,0,0,0,0,0,0,0,,False,False,,,,,
2024-08-12 12:00:00,1.09201,1.09273,1.0917,1.09261,2228,12,0,1.090804791545615,1.093889632919944,0.00011826455383400308,-1.467692606377955e-06,,,,,,,,2024-08-12 12:00:00,2024-08-12 12:00:00,2.278787878706723e-05,,1.0921821818181814,,,1.0920196969696974,,,,,,,,1.0920351031135158,,,,,,,,,,,,,,,,,,,1.089559127802966,1.0927193258771162,1.091872435897436,,1.0922950000000005,,,0.00038901585229007395,0.00025642857142904596,8.285714285638512e-05,0.00013071428571409527,1.0926840158522906,1.0919059841477103,,,0,0,0,0,0,0,0,0,0,0,0,0,0,0,0,0,0,0,0,0,0,0,0,0,0,0,0,0,0,0,0,0,0,0,0,0,0,0,0,0,0,0,0,0,0,0,0,0,0,0,0,0,0,0,0,0,0,0,0,0,0,0,,False,False,,,,,
2024-08-12 13:00:00,1.09262,1.09292,1.09211,1.09259,2206,12,0,1.090933807851542,1.0938267658038978,0.0001182633770070528,9.733332994112361e-06,,,,,,,,2024-08-12 13:00:00,2024-08-12 13:00:00,0.00016248484848402356,,1.0923527878787869,,,1.0921821818181814,,,,,,,,1.0921584135327345,,,,,,,,,,,,,,,,,,,1.0890195019708588,1.0929096106835554,1.0919828303747536,,1.0924264285714282,,,0.00033473514761230813,0.00013142857142778297,0.00025642857142904596,8.285714285638512e-05,1.0927611637190406,1.0920916934238158,,,100,0,0,0,0,0,0,0,0,0,0,0,0,0,0,0,0,0,0,100,0,0,0,0,0,0,0,0,0,0,-100,0,0,0,0,0,0,0,0,100,0,0,0,0,0,0,0,100,0,0,0,0,-100,0,0,0,0,0,0,0,0,0,,False,False,,,,,
2024-08-12 14:00:00,1.09259,1.09285,1.09191,1.09253,2273,12,0,1.091123902755765,1.0938373915130781,9.960632451732512e-05,9.738114962294473e-06,,,,,,,,2024-08-12 14:00:00,2024-08-12 14:00:00,0.00017060606060548267,,1.092502727272728,,,1.0923527878787869,,,,,,,,1.092240988303238,,,,,,,,,,,,,,,,,,,1.0884424364825194,1.0929817646084528,1.0920670103170993,,1.092517142857144,,,0.0003281985461783799,9.071428571583162e-05,0.00013142857142778297,0.00025642857142904596,1.0928453414033223,1.0921889443109658,,,100,0,0,0,0,0,0,0,0,0,0,0,0,0,0,0,0,0,0,100,0,0,0,0,0,0,0,0,0,0,-100,0,0,0,0,0,0,0,0,100,0,0,0,0,0,0,0,100,0,0,0,0,-100,0,0,0,0,0,0,0,0,0,,False,False,,,,,
2024-08-12 15:00:00,1.0925,1.09282,1.09169,1.09193,2613,12,0,1.0913170503340321,1.0938480413669702,6.090877453547161e-05,9.73875863537947e-06,,,,,,,,2024-08-12 15:00:00,2024-08-12 15:00:00,0.00014993939394103428,,1.0924183030303034,,,1.092502727272728,,,,,,,,1.0921718797914073,,,,,,,,,,,,,,,,,,,1.0879190074433363,1.0932032804906644,1.0920459318067763,,1.0923364285714294,,,0.0002958039891537477,-0.00018071428571464487,9.071428571583162e-05,0.00013142857142778297,1.0926322325605833,1.0920406245822756,69.8101423727071,,0,0,0,0,0,0,0,0,0,0,0,0,0,0,0,0,0,0,0,0,0,0,0,0,0,0,0,0,0,0,0,0,0,0,0,0,0,0,0,0,0,0,0,0,0,0,0,0,0,0,0,0,0,0,0,0,0,0,0,0,0,0,,False,False,,,,,
2024-08-12 16:00:00,1.09194,1.09328,1.09193,1.09245,4121,12,0,1.0914313609989714,1.0938586973295181,2.693209277189535e-05,9.737301126716993e-06,,,,,,,,2024-08-12 16:00:00,2024-08-12 16:00:00,-8.442424242449675e-05,,1.092425575757577,,,1.0924183030303034,,,,,,,,1.0922336842822056,69.8101423727071,,,,,,,,,,,,,,,,,,1.087464828075399,1.0934256262930615,1.0921080961441954,,1.0923707142857138,,,0.0002862316743964667,3.4285714284321145e-05,-0.00018071428571464487,9.071428571583162e-05,1.0926569459601103,1.0920844826113172,62.45268326002766,,0,0,0,0,0,0,0,0,0,0,0,0,0,100,0,0,0,0,0,0,0,0,0,0,0,0,0,0,0,0,0,0,0,0,0,0,0,0,0,0,0,0,0,0,0,0,0,0,0,0,0,0,0,0,0,0,0,0,0,0,0,0,,False,False,,,,,
2024-08-12 17:00:00,1.09246,1.09327,1.09145,1.09306,3960,12,0,1.0914607117826374,1.0938569108038074,-7.750290579521821e-06,1.1157697952809161e-05,,,,,,,,2024-08-12 17:00:00,2024-08-12 17:00:00,7.272727273521795e-06,,1.0926285454545461,,,1.092425575757577,,,,,,,,1.092417309997271,62.45268326002766,,,,,,,,,,,,,,,,,,1.0870751407424402,1.0936472339117207,1.0922545428912422,,1.0926092857142857,,,0.0003846148351632964,0.00023857142857197644,3.4285714284321145e-05,-0.00018071428571464487,1.0929939005494491,1.0922246708791223,65.47566671779059,65.91283078350845,0,0,0,0,0,0,0,0,0,0,0,0,0,0,0,0,0,0,0,0,0,0,0,0,0,0,0,0,0,0,0,0,0,0,0,0,0,0,0,0,0,0,0,0,0,0,0,0,0,0,0,0,0,0,0,0,0,0,0,0,0,0,,False,False,,,,,
2024-08-12 18:00:00,1.09305,1.09388,1.09267,1.09273,4710,12,0,1.0921691344593611,1.0938690696939555,-4.422801268902633e-05,1.1160708430303723e-05,,,,,,,,2024-08-12 18:00:00,2024-08-12 18:00:00,0.00020296969696920186,,1.0926766666666665,,,1.0926285454545461,,,,,,,,1.092486796664544,65.47566671779059,65.91283078350845,,,,,,,,,,,,,,,,,1.0868432141858069,1.0938694415249444,1.0923276901387435,,1.092644285714286,,,0.0003396426693690918,3.500000000022929e-05,0.00023857142857197644,3.4285714284321145e-05,1.092983928383655,1.0923046430449168,69.35065723378726,65.75966907053517,0,0,0,0,0,0,0,0,0,0,0,0,0,0,0,-100,0,0,0,0,0,0,0,0,0,0,0,0,0,0,0,0,0,0,0,0,0,0,0,0,0,0,0,0,0,0,0,0,0,0,0,0,0,0,0,0,0,0,0,0,0,0,,False,False,,,,,
2024-08-12 19:00:00,1.09272,1.09288,1.09211,1.09221,3218,12,0,1.0921207332067115,1.0940168613481165,-4.422274229040371e-05,8.578199590904425e-07,,,,0.0001047557102941202,3.0141260394946614e-05,1.0908937829181322,1.0918294084703017,2024-08-12 19:00:00,2024-08-12 19:00:00,4.812121212038889e-05,,1.0925705454545458,,,1.0926766666666665,,,,,,,,1.0924252862946453,69.35065723378726,65.75966907053517,,,,,,,,,,,,,,,,,1.086596142765775,1.0930263312880604,1.0923095839635522,,1.0925278571428572,,,0.0003621693894653882,-0.00011642857142879492,3.500000000022929e-05,0.00023857142857197644,1.0928900265323225,1.0921656877533918,61.25133438274326,65.3592194447737,0,0,0,0,0,0,0,0,0,0,0,0,0,0,0,-100,0,0,0,0,0,0,0,0,0,0,0,0,0,0,0,0,0,0,0,0,0,0,0,0,-100,0,0,0,0,0,0,0,0,0,0,0,0,0,0,0,0,0,0,0,0,0,,False,False,,,,,
2024-08-12 20:00:00,1.0922,1.0933,1.09214,1.09325,2358,12,0,1.092150714869777,1.0933535621540176,-4.8702433894584686e-05,5.996653688207698e-05,,,,0.00010853012961926232,2.858682508632782e-05,1.0909536771690158,1.0918742036455862,2024-08-12 20:00:00,2024-08-12 20:00:00,-0.00010612121212072445,,1.0927739393939389,,,1.0925705454545458,,,,,,,,1.0926085560069463,61.25133438274326,65.3592194447737,,,,,,,,,,,,,,,,,1.0864972741443528,1.0932890763896188,1.0924542633537748,,1.0928085714285716,,,0.0004617306986699516,0.0002807142857144118,-0.00011642857142879492,3.500000000022929e-05,1.0932703021272416,1.0923468407299015,56.65447260691582,62.41882140781545,0,0,0,0,100,0,0,0,0,0,0,0,0,100,0,100,0,0,0,0,0,0,0,0,0,0,0,0,0,0,0,0,0,0,0,0,0,0,0,0,100,0,0,0,0,0,0,0,0,0,0,0,0,0,0,0,0,0,0,0,0,0,,False,False,,,,,
2024-08-12 21:00:00,1.09324,1.09343,1.09277,1.09298,1814,12,0,1.0927808336837141,1.0934193522339881,-9.040165472447459e-05,0.00013223576472157366,,,,0.00010852673965563173,2.1546243666601057e-05,1.0910993974247292,1.0919927409520254,2024-08-12 21:00:00,2024-08-12 21:00:00,0.0002033939393930595,,1.092832545454546,,,1.0927739393939389,,,,,,,,1.0926910991165137,56.65447260691582,62.41882140781545,,,,,,,,,,,,,,,,,1.0864064585067512,1.0934193399868484,1.0925351459147326,,1.0929371428571428,,,0.00048216278618314805,0.0001285714285712558,0.0002807142857144118,-0.00011642857142879492,1.093419305643326,1.0924549800709598,58.665847277467606,58.85721808904223,0,0,0,0,0,0,0,0,0,0,0,0,0,0,0,0,0,0,0,0,0,0,0,0,0,0,0,0,-100,0,0,0,0,0,0,0,0,0,0,0,0,0,0,0,0,0,0,0,0,0,0,-100,0,0,0,0,0,0,0,0,0,0,,False,False,,,,,
2024-08-12 22:00:00,1.09298,1.09326,1.0929,1.0930900000000001,1796,12,0,1.0927870426363768,1.09324945121833,-9.726475686088242e-05,0.00014821536936607653,,,,0.00010853086018653927,2.1540358238537464e-05,1.09112299846999,1.092111202622162,2024-08-12 22:00:00,2024-08-12 22:00:00,5.8606060607147015e-05,,1.0929619999999998,,,1.092832545454546,,,,,,,,1.0927797437572886,58.665847277467606,58.85721808904223,,,,,,,,,,,,,,,,,1.0864730030021241,1.0932492153097098,1.0926205080816969,,1.0929871428571438,,,0.00037814711170922033,5.0000000000993694e-05,0.0001285714285712558,0.0002807142857144118,1.093365289968853,1.0926089957454346,68.67802341532293,61.332781099902114,0,0,0,0,0,0,0,0,0,0,0,0,0,0,0,0,0,0,0,0,0,0,0,0,0,0,0,0,0,0,0,0,0,0,0,0,0,0,0,0,0,0,0,0,0,0,0,0,0,0,0,100,0,0,0,0,0,0,0,0,0,0,,False,False,,,,,
2024-08-12 23:00:00,1.0930900000000001,1.09317,1.09267,1.09308,871,12,0,1.092680887921996,1.093159176912945,-9.727389336454123e-05,0.0001617914326762617,,,,0.00010853377379981432,1.908604008993171e-05,1.0911810781625682,1.0922296914686713,2024-08-12 23:00:00,2024-08-12 23:00:00,0.00012945454545376656,,1.093065515151514,,,1.0929619999999998,,,,,,,,1.09284646736678,68.67802341532293,61.332781099902114,,,,,,,,,,,,,,,,,1.086817038593366,1.0931593834853648,1.0926911991460513,,1.0930249999999992,,,0.00034798741082676243,3.7857142855424186e-05,5.0000000000993694e-05,0.0001285714285712558,1.093372987410826,1.0926770125891725,65.84362139918068,64.39583069732373,100,0,0,0,0,0,0,0,0,0,0,0,0,0,0,0,0,0,0,100,0,100,0,0,0,0,100,-100,0,0,-100,100,0,0,0,0,0,0,0,100,0,0,0,0,0,0,0,100,0,0,0,0,-100,0,0,100,0,0,0,0,0,0,,False,False,,,,,
2024-08-13 00:00:00,1.09307,1.09322,1.09274,1.0930900000000001,266,15,0,1.0921333243911355,1.0932091504741785,-6.360963887225747e-05,0.0001985012667759673,,,,0.00012463316959117614,2.5425491752762254e-05,1.0911195122550894,1.092121211803085,2024-08-13 00:00:00,2024-08-13 00:00:00,0.00010351515151429957,,1.0931431515151506,,,1.093065515151514,,,,,,,,1.0929005857297178,65.84362139918068,64.39583069732373,,,,,,,,,,,,,,,,,1.0872972175777775,1.093552453023307,1.0927525531235818,,1.0931085714285709,,,0.0003502584080070542,8.357142857162714e-05,3.7857142855424186e-05,5.0000000000993694e-05,1.093458829836578,1.0927583130205638,67.3525377229126,67.29139417913872,100,0,0,0,0,0,0,0,0,0,0,0,0,0,0,0,0,0,0,100,0,0,0,0,0,0,0,0,0,0,100,0,0,0,0,0,0,0,0,100,0,0,0,0,0,0,0,100,0,0,0,0,100,0,0,0,0,0,0,0,0,0,,False,False,,,,,
2024-08-13 01:00:00,1.09311,1.09321,1.09298,1.09317,680,12,0,1.0911884234837936,1.0933249669094258,9.295187598540924e-06,0.00021450455174431922,,,,0.00011387447038012283,4.8101509715718634e-05,1.0908773227980681,1.0923973221405767,2024-08-13 01:00:00,2024-08-13 01:00:00,7.763636363655735e-05,0.00034082276633995434,1.0931403030303026,,,1.0931431515151506,,,,,,,,1.0929604555675583,67.3525377229126,67.29139417913872,0.00035811581969016594,,,,,,,,,,,,,,,,1.087630054370758,1.0939816786781833,1.0928167757199538,1.0922934615384619,1.093171428571429,,,0.00035025840800695786,6.285714285803046e-05,8.357142857162714e-05,3.7857142855424186e-05,1.093521686979436,1.0928211701634218,68.44993141289697,67.21536351166341,100,0,0,0,0,0,0,0,0,0,0,0,0,0,0,0,0,0,0,100,0,100,0,0,0,0,0,-100,0,0,0,0,0,0,0,0,0,0,0,100,0,0,0,0,0,0,0,0,0,0,0,100,0,0,0,100,0,0,0,0,0,0,,False,False,,,,,
2024-08-13 02:00:00,1.09318,1.09357,1.09307,1.09354,726,12,0,1.090072403763831,1.0935596956560485,0.0001125526630524035,0.0003033122071684527,,,,9.166165720792831e-05,6.728041599853993e-05,1.090722476886298,1.0927865773338625,2024-08-13 02:00:00,2024-08-13 02:00:00,-2.8484848479948255e-06,0.00033201331352961105,1.0932618181818177,,,1.0931403030303026,,,,,,,,1.093089243219212,68.44993141289697,67.21536351166341,0.00035289531845805495,,,,,,,,,,,,,,,,1.087963349033663,1.094412043947266,1.0929280409938071,1.092385797720798,1.0932607142857138,,,0.0001827045494216262,8.92857142849035e-05,6.285714285803046e-05,8.357142857162714e-05,1.0934434188351354,1.0930780097362922,74.75994513031698,70.18747142204218,0,0,0,0,0,0,0,0,0,0,0,0,0,0,0,100,0,0,0,0,0,0,0,0,0,0,0,0,0,0,0,-100,0,0,0,0,0,0,0,0,100,0,0,0,0,0,0,0,0,0,0,0,0,0,0,0,0,0,0,0,0,0,,False,False,,,,,
2024-08-13 03:00:00,1.09355,1.09355,1.09288,1.09294,1812,12,0,1.0888866317567176,1.0935391915320887,0.00024599007502581203,0.0003212045556635317,,,,6.618404069462318e-05,8.477942064751699e-05,1.090625742391059,1.0931626953542752,2024-08-13 03:00:00,2024-08-13 03:00:00,0.00012151515151503922,0.00035883607915376814,1.0932438787878778,,,1.0932618181818177,,,,,,,,1.0930560780593872,74.75994513031698,70.18747142204218,0.0003540834705971976,,,,,,,,,,,,,,,,1.0882963673227488,1.0949175922631538,1.0929298808409138,1.0924268497414797,1.0931892857142858,,,0.00019746006226301156,-7.142857142805603e-05,8.92857142849035e-05,6.285714285803046e-05,1.0933867457765487,1.0929918256520228,72.70233196159136,71.97073616826844,0,0,0,0,-100,0,0,0,100,0,0,0,0,-100,0,-100,0,0,0,0,0,0,0,0,0,0,0,0,0,0,0,-200,0,0,0,0,0,0,0,0,-100,0,0,0,0,0,0,0,0,0,0,0,0,0,0,0,0,0,0,0,0,0,,False,False,,,,,
2024-08-13 04:00:00,1.09293,1.09347,1.09286,1.09342,1543,12,0,1.0881434346067553,1.0934595673506593,0.0003620841392664071,0.0003443822316778959,,,,3.546560207641525e-05,0.00010278643975792962,1.0905628900307982,1.0935343634092323,2024-08-13 04:00:00,2024-08-13 04:00:00,-1.793939393990307e-05,0.0003018533966434589,1.0933266666666672,,,1.0932438787878778,,,,,,,,1.0931369496017456,72.70233196159136,71.97073616826844,0.00034363745580644987,,,,,,,,,,,,,,,,1.0886855090546887,1.095509078026923,1.0930052837884656,1.092500416427296,1.0932728571428574,,,0.00021228911103744391,8.357142857162714e-05,-7.142857142805603e-05,8.92857142849035e-05,1.0934851462538948,1.09306056803182,76.13168724279973,74.5313214449027,0,0,0,0,0,0,0,0,0,0,0,0,0,0,0,100,0,0,0,0,0,0,0,0,0,0,0,0,0,0,0,0,0,0,0,0,0,0,0,0,100,0,0,0,0,0,0,0,0,0,0,0,0,0,0,0,0,0,0,0,0,0,,False,False,,,,,
2024-08-13 05:00:00,1.09342,1.09369,1.09333,1.09346,723,12,0,1.0885262877091608,1.0936793160247955,0.0003635563338852199,0.00035334698073543404,,,,1.2339247089292948e-05,0.00011826679832472482,1.0905583214687047,1.093773229941004,2024-08-13 05:00:00,2024-08-13 05:00:00,8.27878787894587e-05,0.00030833812486719125,1.0933224848484855,,,1.0933266666666672,,,,,,,,1.0932087385791354,76.13168724279973,74.5313214449027,0.00033657758961859815,,,,,,,,,,,,,,,,1.089133144717627,1.0960796296564979,1.0930752401287016,1.0925714966919406,1.093355,,,0.00022867110921329727,8.214285714269742e-05,8.357142857162714e-05,-7.142857142805603e-05,1.0935836711092133,1.0931263288907869,75.03429355281536,74.62277091906883,100,0,0,0,0,0,0,0,0,0,0,0,0,0,0,0,0,0,0,100,0,0,0,0,0,0,0,0,0,0,100,0,0,0,0,0,0,0,0,100,0,0,0,0,0,0,0,100,0,0,0,0,100,0,0,0,0,0,0,0,0,0,,False,False,,,,,
2024-08-13 06:00:00,1.09347,1.09377,1.09345,1.09362,693,12,0,1.0888279839611108,1.09377,0.00037205194498115044,0.0003707103691925585,,,,-5.314382058168702e-07,0.00011826476305706025,1.0906873379306188,1.0938840172896456,2024-08-13 06:00:00,2024-08-13 06:00:00,-4.181818181736574e-06,0.0003096525511734338,1.0934504848484863,,,1.0933224848484855,,,,,,,,1.0933001300059941,75.03429355281536,74.62277091906883,0.0003311925819295653,,,,,,,,,,,,,,,,1.0895382187443494,1.0963162530670514,1.0931590493396706,1.0926491636036488,1.0934664285714284,,,0.00025423086620552184,0.00011142857142831808,8.214285714269742e-05,8.357142857162714e-05,1.0937206594376339,1.093212197705223,84.36213991769921,78.50937357110477,0,0,0,0,0,0,0,0,0,0,0,0,0,0,0,0,0,0,0,0,0,0,0,0,0,0,0,0,0,0,0,0,0,0,0,0,0,0,0,0,0,0,0,0,0,0,0,0,0,0,0,0,0,0,0,0,0,0,0,0,0,0,,False,False,,,,,
2024-08-13 07:00:00,1.09363,1.09387,1.0935,1.09386,799,12,0,1.0884719724180578,1.09387,0.00045943607937487497,0.0003906693532540342,,,,-1.467692606377955e-06,0.00011826455383400308,1.090816364866305,1.093889488886736,2024-08-13 07:00:00,2024-08-13 07:00:00,0.00012800000000079415,0.0003206933261215017,1.0935966060606053,,,1.0934504848484863,,,,,,,,1.0934245455602176,84.36213991769921,78.50937357110477,0.00032909273076795257,,,,,,,,,,,,,,,,1.0898675527022177,1.096553761522514,1.0932668879027982,1.0927388551885637,1.0936264285714286,0.00046095558779435386,0.0004601528527189795,0.00030049958402328055,0.00016000000000016001,0.00011142857142831808,8.214285714269742e-05,1.0939269281554518,1.0933259289874053,90.29550580084599,83.23064642378687,0,0,0,0,0,0,0,0,0,0,0,0,0,0,0,100,0,0,0,0,0,0,0,0,0,0,0,0,0,0,0,0,0,0,0,0,0,0,0,0,0,0,0,0,0,0,0,0,0,0,0,0,0,0,0,0,0,0,0,0,0,0,,False,False,,,,,
2024-08-13 08:00:00,1.09386,1.09404,1.09367,1.09391,997,12,0,1.088624714194944,1.09404,0.0005050245272583152,0.00040877418832834536,,,,9.733332994112361e-06,0.0001182633770070528,1.0909453883231814,1.0938277214246739,2024-08-13 08:00:00,2024-08-13 08:00:00,0.0001461212121189881,0.00034707476741591137,1.0937346060606057,,,1.0935966060606053,,,,,,,,1.0935324243246136,90.29550580084599,83.23064642378687,0.0003326891380975443,,,,,,,,,,,,,,,,1.0901923022872688,1.0967908341290928,1.0933658282254446,1.0928256066560775,1.0937607142857142,0.00047122182876124796,0.0004623666479274332,0.00032310251947836145,0.0001342857142856424,0.00016000000000016001,0.00011142857142831808,1.0940838168051925,1.0934376117662359,93.81157224149398,89.48973932001307,0,0,0,0,0,0,0,0,0,0,0,0,0,0,0,0,0,0,0,0,0,0,0,0,0,0,0,0,0,0,100,0,0,0,0,0,0,0,0,0,0,0,0,0,0,0,0,0,0,0,0,0,100,0,0,0,0,0,0,0,0,0,,False,False,,,,,
2024-08-13 09:00:00,1.09397,1.09403,1.09318,1.09326,2170,12,0,1.0894882386826403,1.094019466690043,0.0004570434984885949,0.00044521542112594103,,,,9.738114962294473e-06,9.960632451732512e-05,1.0911335934020185,1.0938383412813955,2024-08-13 09:00:00,2024-08-13 09:00:00,0.00013800000000041557,0.0003622995967698106,1.0936473939393931,,,1.0937346060606057,,,,,,,,1.0934718855858105,93.81157224149398,89.48973932001307,0.00033861122983199756,,,,,,,,,,,,,,,,1.0904921574926787,1.0970285119436682,1.0933495469599916,1.0928577839408125,1.0936628571428566,0.0004254140492214731,0.0004549761281862412,0.0003394042399459909,-9.785714285759362e-05,0.0001342857142856424,0.00016000000000016001,1.0940022613828027,1.0933234529029106,83.69389120763113,89.26698974999037,0,0,0,0,-100,0,0,0,100,0,0,0,0,0,0,0,0,0,0,0,0,0,0,0,0,0,0,0,0,0,0,0,0,0,0,0,0,0,0,0,-100,0,0,0,0,0,0,0,0,0,0,0,0,0,0,0,0,0,0,0,0,0,,False,False,,,,,
2024-08-13 10:00:00,1.09326,1.09341,1.09257,1.09295,2338,12,0,1.0901783981796114,1.0939037771930658,0.0004217980560594742,0.0004953034406027198,,,,9.73875863537947e-06,6.090877453547161e-05,1.091322958304063,1.0938489881862432,2024-08-13 10:00:00,2024-08-13 10:00:00,-8.721212121254318e-05,0.0002916575134397359,1.0934636969696976,,,1.0936473939393931,,,,,,,,1.093355911011186,83.69389120763113,89.26698974999037,0.00032922048655354525,,,,,,,,,,,,,,,,1.0907791926441195,1.0972657518001632,1.093288078196916,1.0928646147600116,1.0933885714285716,0.00036162628177383027,0.000436306158903759,0.0003366855251643895,-0.00027428571428500526,-9.785714285759362e-05,0.0001342857142856424,1.093725256953736,1.0930518859034073,59.353985753924384,78.95314973434982,0,0,0,0,0,0,0,0,0,-100,0,0,0,0,0,0,0,0,0,0,0,0,0,0,0,0,0,0,0,0,0,0,0,0,0,0,0,0,0,0,0,0,0,0,0,0,0,0,0,0,0,0,0,0,0,0,0,0,0,0,0,0,,False,False,,,,,
2024-08-13 11:00:00,1.09294,1.09294,1.09199,1.09228,2553,12,0,1.0908114473070032,1.0952868290083255,0.00038452156244325085,0.0004184809677501328,,,,9.737301126716993e-06,2.693209277189535e-05,1.091433955576581,1.0938596374848883,2024-08-13 11:00:00,2024-08-13 11:00:00,-0.00018369696969555704,0.00020117267771935232,1.0931016969696963,,,1.0934636969696976,,,,,,,,1.093116819675367,59.353985753924384,78.95314973434982,0.0003036109247867067,,,,,,,,,,,,,,,,1.091048220894432,1.0974813597180202,1.0931329892435444,1.0928213099629738,1.0929428571428568,0.0002580422501083923,0.00040065337714468565,0.0005729996260268338,-0.00044571428571482663,-0.00027428571428500526,-9.785714285759362e-05,1.0935158567688836,1.09236985751683,32.98135000683957,58.676408989465024,0,0,0,0,0,0,0,0,0,0,0,0,0,-100,0,0,0,0,0,0,0,0,0,0,0,0,0,0,0,0,0,0,0,0,0,0,0,0,0,0,0,0,0,0,0,0,0,0,0,0,0,0,0,0,0,0,0,0,0,0,0,0,,False,False,,,,,
2024-08-13 12:00:00,1.09228,1.09263,1.0913,1.09191,3066,12,0,1.0912803564633577,1.0967616249593264,0.0003662317780639237,0.0003154691638825232,,,,1.1157697952809161e-05,-7.750290579521821e-06,1.0914599679839734,1.0938579839645504,2024-08-13 12:00:00,2024-08-13 12:00:00,-0.0003620000000013057,5.920358937649972e-05,1.0927191515151504,,,1.0931016969696963,,,,,,,,1.0928486375252853,32.98135000683957,58.676408989465024,0.00025472945770466527,,,,,,,,,,,,,,,,1.0913,1.0977199354597071,1.09294483705223,1.092753805521272,1.0924521428571428,0.00014690708391817964,0.00034990411849938446,0.0007788391850626853,-0.0004907142857140112,-0.00044571428571482663,-0.00027428571428500526,1.0932309820422055,1.09167330367208,20.753151774032922,37.69616251159896,0,0,0,0,0,0,0,0,0,0,0,0,0,0,0,0,0,0,0,0,0,0,0,0,0,0,0,0,0,0,0,0,0,0,0,0,0,0,0,0,0,0,0,0,0,0,0,0,0,0,0,0,0,0,0,0,0,0,0,0,0,0,,False,False,,,,,
2024-08-13 13:00:00,1.0919,1.09245,1.09173,1.09225,2697,12,0,1.09173,1.0980579428630677,0.0003445586764982252,0.00020724624644557327,,,,1.1160708430303723e-05,-4.422801268902633e-05,1.0921648720914154,1.0938701469570429,2024-08-13 13:00:00,2024-08-13 13:00:00,-0.0003825454545458573,-8.152080724044275e-05,1.0924246666666668,,,1.0927191515151504,,,,,,,,1.0927156069641109,20.753151774032922,37.69616251159896,0.00018747940471564365,,,,,,,,,,,,,,,,1.09173,1.0979589595012726,1.0928379390441945,1.0927164865937704,1.0922164285714284,8.369223658966085e-05,0.00029666174211743975,0.0008019500043785041,-0.00023571428571433906,-0.0004907142857140112,-0.00044571428571482663,1.093018378575807,1.0914144785670499,23.69354934425157,25.809350375041358,0,0,0,0,0,0,0,0,0,0,0,0,0,0,0,0,0,0,0,0,0,0,0,0,0,0,0,0,0,0,0,0,0,0,0,0,0,0,0,0,0,0,0,0,0,0,0,0,0,0,0,0,0,0,0,0,0,0,0,0,0,0,,False,False,,,,,
2024-08-13 14:00:00,1.09223,1.09316,1.0922,1.09295,2522,12,0,1.0922,1.099012175865019,0.0002663032794924829,0.00011276122060314713,,,,8.578199590904425e-07,-4.422274229040371e-05,1.0921164405933375,1.094016944759723,2024-08-13 14:00:00,2024-08-13 14:00:00,-0.00029448484848360046,-0.00013902111089558744,1.092427090909091,,,1.0924246666666668,,,,,,,,1.0927676943054196,23.69354934425157,25.809350375041358,0.00012217930159339743,,,,,,,,,,,,,,,,1.0922,1.0981972521672052,1.0928551791912415,1.0927337838831208,1.0923628571428574,8.514415868043912e-05,0.00025435822543003965,0.000689509832796332,0.00014642857142899146,-0.00023571428571433906,-0.0004907142857140112,1.0930523669756538,1.091673347310061,39.05109489051339,27.832598669599296,0,0,0,0,0,0,0,0,0,0,0,0,0,100,0,0,0,0,0,0,0,0,0,0,0,0,0,0,0,0,0,-100,0,0,0,0,0,0,0,0,0,0,0,0,0,0,0,0,0,0,0,0,0,0,0,0,0,0,0,0,0,0,,False,False,,,,,
2024-08-13 15:00:00,1.09296,1.0946,1.0924800000000001,1.09402,5073,12,0,1.0924800000000001,1.0994730536133976,0.0003093730535406859,6.167668117643521e-05,,,,5.996653688207698e-05,-4.8702433894584686e-05,1.0921459352450407,1.0933594537407232,2024-08-13 15:00:00,2024-08-13 15:00:00,2.4242424241371907e-06,-9.756400944982424e-05,1.0927660606060612,1.0416420659372998e-05,3.449158897355334e-05,1.092427090909091,1.0908918539610881,1.0932044851426286,,,,,,1.0930459844597709,39.05109489051339,27.832598669599296,7.823063938475308e-05,,,,,,,,,,,,,,,,1.0924800000000001,1.0984365325784682,1.093034382392589,1.092829059151038,1.0929635714285717,0.00016424188069330548,0.00023633495648269282,0.0007199470880021949,0.0006007142857142878,0.00014642857142899146,-0.00023571428571433906,1.0936835185165739,1.0922436243405695,59.10491779105143,40.616520675272135,0,0,0,0,0,0,0,0,0,0,0,0,0,0,0,0,0,0,0,0,0,0,0,0,0,0,0,0,0,0,0,0,0,0,0,0,0,0,0,0,0,0,0,0,0,0,0,0,0,0,0,0,0,0,0,0,0,0,0,0,0,0,,False,False,,,,,
2024-08-13 16:00:00,1.09403,1.09617,1.09374,1.09581,5253,12,0,1.09374,1.0991526247793701,0.0002597713588134864,0.00013230822298145584,,,,0.00013223576472157366,-9.040165472447459e-05,1.092771795120624,1.093432581326547,2024-08-13 16:00:00,2024-08-13 16:00:00,0.00033896969697022605,5.23955670916898e-05,1.0936233333333334,9.145338232852816e-06,9.550822657174935e-05,1.0927660606060612,1.0909516391122822,1.0921041354765428,1.0908918539610881,1.0932044851426286,3.449158897355334e-05,1.0416420659372998e-05,,1.0936602101353774,59.10491779105143,40.616520675272135,7.306362492614043e-05,,,,,,,,,,,,,,,,1.09374,1.0986748857514501,1.0934614004860368,1.0930498695842943,1.0941028571428562,0.0003559795919132469,0.0002602638835688036,0.0013549257579374312,0.0011392857142844548,0.0006007142857142878,0.00014642857142899146,1.0954577829007937,1.0927479313849187,78.417007800393,58.85767349398594,0,0,0,0,0,0,0,0,0,0,0,0,0,0,0,0,0,0,0,0,0,0,0,0,0,0,0,0,0,0,0,0,0,0,0,0,0,0,0,0,0,0,0,0,0,0,0,0,0,0,0,0,0,0,0,0,0,0,0,0,0,0,,False,False,,,,,
2024-08-13 17:00:00,1.09578,1.09612,1.09495,1.09551,3857,12,0,1.094484423552168,1.0991080863975502,0.00023348583748976123,0.0001755156471584706,,,,0.00014821536936607653,-9.726475686088242e-05,1.0927773469351783,1.0932642322773731,2024-08-13 17:00:00,2024-08-13 17:00:00,0.0008572727272722069,0.0003536664948959878,1.0943324242424242,4.978245722871318e-06,9.550813570719506e-05,1.0936233333333334,1.0911157945217957,1.0922084443907674,1.0909516391122822,1.0921041354765428,9.550822657174935e-05,9.145338232852816e-06,,1.094071274549738,78.417007800393,58.85767349398594,0.00012918419892010992,,,,,,,,,,,,,,,,1.0945806994576082,1.0995592976792645,1.0937765696420312,1.093232101466939,1.0949085714285718,0.00047870489213197587,0.00030395208528143807,0.0016083398716860687,0.0008057142857156308,0.0011392857142844548,0.0006007142857142878,1.0965169113002577,1.0933002315568858,87.15989463422575,74.8939400752234,0,0,0,0,0,0,0,0,0,0,0,0,0,0,0,0,0,0,0,0,0,0,0,0,0,0,0,0,-100,0,0,0,0,0,0,0,0,0,0,0,0,0,0,0,0,0,0,0,0,0,0,0,-100,0,0,0,0,0,0,0,0,0,,False,False,,,,,
2024-08-13 18:00:00,1.09554,1.09579,1.09474,1.09527,3255,12,0,1.09474,1.099301017933732,0.0002334604218760072,0.00017551445285721016,,,,0.0001617914326762617,-9.727389336454123e-05,1.0926712155397726,1.0931752717968921,2024-08-13 18:00:00,2024-08-13 18:00:00,0.0007090909090907704,0.0005198867290594489,1.0949083636363637,4.978941660347261e-06,9.550615603700454e-05,1.0943324242424242,1.091121200346091,1.0923128125634645,1.0911157945217957,1.0922084443907674,9.550813570719506e-05,4.978245722871318e-06,,1.0943376579831297,87.15989463422575,74.8939400752234,0.0002073247049479777,,,,,,,,,,,,,,,,1.09474,1.1005135808021438,1.0940063281586418,1.0933830569138325,1.0953499999999987,0.0005506269887065596,0.00035328706596646236,0.001617168307051175,0.00044142857142692726,0.0008057142857156308,0.0011392857142844548,1.0969671683070499,1.0937328316929475,86.85831622176386,84.14507288546088,0,0,0,0,0,0,0,0,0,0,0,0,0,0,0,0,0,0,0,0,0,0,0,0,0,0,0,0,0,0,0,100,0,0,0,0,0,0,0,0,0,0,0,0,0,0,0,0,0,0,0,0,0,0,0,0,0,0,0,0,0,0,,False,False,,,,,
2024-08-13 19:00:00,1.09528,1.09734,1.09521,1.09716,2765,12,0,1.09521,1.0994803848170207,0.0002195106908095378,0.0001768024434800357,,,,0.0001985012667759673,-6.360963887225747e-05,1.0921268827836508,1.093229272304725,2024-08-13 19:00:00,2024-08-13 19:00:00,0.0005759393939395174,0.0005953010457884211,1.0958897575757571,2.4266814497167e-06,0.00011993631197903016,1.0949083636363637,1.091215500519594,1.0922313283842018,1.091121200346091,1.0923128125634645,9.550615603700454e-05,4.978941660347261e-06,,1.0949648450979896,86.85831622176386,84.14507288546088,0.00028491997311606637,,,,,,,,,,,,,,,,1.0948931834833335,1.100693535839867,1.0944915084419278,1.093662830475771,1.0961999999999996,0.0007394078578715213,0.00043051122434747415,0.0017219852883604493,0.0008500000000009056,0.00044142857142692726,0.0008057142857156308,1.0979219852883602,1.094478014711639,88.32900444673953,87.4490717675764,0,0,0,0,0,0,0,0,0,0,0,0,0,100,0,0,0,0,0,0,0,0,0,0,0,0,0,0,0,0,0,200,0,0,0,0,0,0,0,0,100,0,0,0,0,0,0,0,0,0,0,0,0,0,0,0,0,0,0,0,0,0,,False,False,,,,,
2024-08-13 20:00:00,1.09717,1.09779,1.09691,1.0976,2565,12,0,1.096920844944379,1.0996686422941508,0.00011556240860943814,0.00018257812906613164,,,,0.00021450455174431922,9.295187598540924e-06,1.0911893680424745,1.093346807328246,2024-08-13 20:00:00,2024-08-13 20:00:00,0.000981393939393449,0.0008427405475814886,1.0967923636363632,2.4164187795624086e-06,0.00013303182520760253,1.0958897575757571,1.091218498789723,1.0921227053286362,1.091215500519594,1.0922313283842018,0.00011993631197903016,2.4266814497167e-06,,1.0955504350762142,88.32900444673953,87.4490717675764,0.0003964840880091508,,,,,,,,,,,,,,,,1.0950463884011443,1.1008735203036841,1.0949697379124004,1.0939544726627508,1.0968807142857142,0.0009097584070012488,0.0005263606608782291,0.0016331447898938623,0.0006807142857145898,0.0008500000000009056,0.00044142857142692726,1.098513859075608,1.0952475694958204,91.8705979476132,89.01930620537222,0,0,0,0,0,0,0,0,0,0,0,0,0,0,0,0,0,0,0,0,0,0,0,0,0,0,0,0,0,0,0,0,0,0,0,0,0,0,0,0,0,0,0,0,0,0,0,0,0,0,0,100,0,0,0,0,0,0,0,0,0,0,,False,False,,,,,
2024-08-13 21:00:00,1.09761,1.09988,1.09761,1.09986,2836,12,0,1.0976209169929931,1.0998690837678937,7.202493635266389e-05,0.00020588526726181402,,,,0.0003033122071684527,0.0001125526630524035,1.0900840818687982,1.0935912673280195,2024-08-13 21:00:00,2024-08-13 21:00:00,0.0009026060606061037,0.0010418903130782198,1.098065818181818,2.42464706594945e-06,0.00018504569509836843,1.0967923636363632,1.091220868785847,1.091990215793072,1.091218498789723,1.0921227053286362,0.00013303182520760253,2.4164187795624086e-06,,1.096508116170389,91.8705979476132,89.01930620537222,0.0005255653330229646,,,,,,,,,,,,,,,,1.0951996147564313,1.1010535341984065,1.0957220859258772,1.0943919191321767,1.098086428571429,0.0011980650386993474,0.0006607015364424528,0.0019167805349184948,0.0012057142857146985,0.0006807142857145898,0.0008500000000009056,1.1000032091063474,1.0961696480365104,97.95306214096136,92.71755484510471,0,0,0,0,0,0,0,0,0,0,0,0,0,100,0,100,0,0,0,0,0,0,0,0,0,0,0,0,0,0,0,0,0,0,0,0,0,0,0,0,100,0,0,0,0,0,0,0,0,0,0,0,0,0,0,0,0,0,0,0,0,0,,False,False,,,,,
2024-08-13 22:00:00,1.09985,1.0999,1.09932,1.09953,2627,12,0,1.097388848701771,1.0998895513803457,9.779545838638153e-05,0.00022778044147168122,,,,0.0003212045556635317,0.00024599007502581203,1.0889120469187998,1.0935725196071797,2024-08-13 22:00:00,2024-08-13 22:00:00,0.0012734545454546886,0.0014049595259384429,1.0988723636363633,-3.273588115572423e-07,0.00018505421360984648,1.098065818181818,1.0913103263739838,1.0921919535932356,1.091220868785847,1.091990215793072,0.00018504569509836843,2.42464706594945e-06,,1.0971796459103025,97.95306214096136,92.71755484510471,0.0007014441716060603,,,,,,,,,,,,,,,,1.0953528625521947,1.1012335775288464,1.0963079188603575,1.0947725177149785,1.098833571428571,0.0013833860161296396,0.0008052384323798901,0.0018780613104231523,0.000747142857142169,0.0012057142857146985,0.0006807142857145898,1.1007116327389943,1.0969555101181478,97.5123310972729,95.77866372861585,0,0,0,0,0,0,0,0,0,0,0,0,0,0,0,0,0,0,0,0,0,0,0,0,0,0,0,0,-100,0,0,0,0,0,0,0,0,0,0,0,0,0,0,0,0,0,0,0,0,0,0,-100,0,0,0,0,0,0,0,0,0,0,,False,False,,,,,
2024-08-13 23:00:00,1.09954,1.09982,1.0991900000000001,1.09923,1047,12,0,1.0968417015990384,1.09980921241569,0.00015744643765282164,0.00024449298956630625,,,,0.0003443822316778959,0.0003620841392664071,1.088180711510213,1.0934951950093095,2024-08-13 23:00:00,2024-08-13 23:00:00,0.0008065454545453932,0.0015846133144357122,1.0993136969696964,-5.154616304878375e-07,0.0001850415643459211,1.0988723636363633,1.0913156975648433,1.092394582265399,1.0913103263739838,1.0921919535932356,0.00018505421360984648,-3.273588115572423e-07,,1.0976352801524574,97.5123310972729,95.77866372861585,0.0008780780001719907,,,,,,,,,,,,,,,,1.0955061317914343,1.1014136502998177,1.0967574698049178,1.095102701587943,1.0993357142857143,0.00148847113374595,0.0009418849726531021,0.0018862813000320694,0.0005021428571432285,0.000747142857142169,0.0012057142857146985,1.1012219955857463,1.0974494329856823,95.89129217036096,97.11889513619843,0,0,0,0,0,0,0,0,0,0,0,0,0,0,0,0,0,0,0,0,0,0,0,0,0,0,0,0,0,0,0,0,0,0,0,0,0,0,0,0,0,0,0,0,0,0,0,0,0,0,0,0,0,0,0,0,0,0,0,0,0,0,,False,False,,,,,
2024-08-14 00:00:00,1.09846,1.09921,1.09819,1.0991,854,12,0,1.0965415068577398,1.099336883860233,0.0002053546622763016,0.00028414294951910584,,,,0.00035334698073543404,0.0003635563338852199,1.0885636825414213,1.0937158327754835,2024-08-14 00:00:00,2024-08-14 00:00:00,0.00044133333333307156,0.001636358814768979,1.0995144242424246,1.0738184851346821e-05,0.0001850374411659216,1.0993136969696964,1.0909847414566012,1.092596788958704,1.0913156975648433,1.092394582265399,0.0001850415643459211,-5.154616304878375e-07,,1.0979607734519112,95.89129217036096,97.11889513619843,0.0010297341630913883,,,,,,,,,,,,,,,,1.0956594224771505,1.1015937525161341,1.0971178590656998,1.095398797766614,1.0995042857142854,0.001542356211351903,0.0010619792203928622,0.0016535013355482313,0.00016857142857107377,0.0005021428571432285,0.000747142857142169,1.1011577870498337,1.097850784378737,92.86821705426178,95.42394677396523,0,0,0,0,0,0,0,0,0,0,0,0,0,0,0,0,0,0,0,0,0,0,0,0,0,0,0,0,0,0,0,0,0,0,0,0,0,0,0,0,0,0,0,0,0,0,0,0,0,0,0,0,0,0,0,0,0,0,0,0,0,0,,False,False,,,,,
2024-08-14 01:00:00,1.09907,1.09966,1.09907,1.09958,703,12,0,1.0966171953581982,1.0996494812278137,0.0002223961994056321,0.00028413248254754314,1.0,,,0.0003707103691925585,0.00037205194498115044,1.088866440143998,1.0938084914290076,2024-08-14 01:00:00,2024-08-14 01:00:00,0.00020072727272824054,0.001617285115869116,1.0997365454545456,2.5489307982694997e-05,0.000185037613781438,1.0995144242424246,1.0905796369986493,1.092799055158539,1.0909847414566012,1.092596788958704,0.0001850374411659216,1.0738184851346821e-05,,1.0983206015737088,92.86821705426178,95.42394677396523,0.0011472443536469337,,,,,,,,,,,,,,,,1.0958127346123445,1.1017738841826108,1.0974966499786691,1.0957085164505684,1.0995535714285716,0.0016007669799331659,0.0011697367723009229,0.0010519166180933857,4.928571428619577e-05,0.00016857142857107377,0.0005021428571432285,1.100605488046665,1.0985016548104782,93.06201550387459,93.94050824283245,0,0,0,0,0,0,0,0,0,0,0,0,0,0,0,0,0,0,0,0,0,0,0,0,0,0,0,0,0,0,0,0,0,0,0,0,0,0,0,0,0,0,0,0,0,0,0,0,0,0,0,100,0,0,0,0,0,0,0,0,0,0,,False,False,,,,,
2024-08-14 02:00:00,1.09959,1.09975,1.09935,1.09952,881,12,0,1.097154555674879,1.0997392414410565,0.00018558129230564037,0.0002976331231780547,1.0,,,0.0003906693532540342,0.00045943607937487497,1.0885194182151163,1.0939105442281996,2024-08-14 02:00:00,2024-08-14 02:00:00,0.00022212121212095148,0.0016174987285837439,1.099944,4.5260115981234874e-05,0.00019792194929386917,1.0997365454545456,1.0900705623368871,1.0925239343916355,1.0905796369986493,1.092799055158539,0.000185037613781438,2.5489307982694997e-05,,1.098587134557329,93.06201550387459,93.94050824283245,0.0012412952286342959,,,,,,,,,,,,,,,,1.0959660682000174,1.101954045304063,1.0978079345973355,1.0959908485653411,1.0995435714285717,0.0016221050000295723,0.0012602104178466528,0.0007485700654241958,-9.999999999843467e-06,4.928571428619577e-05,0.00016857142857107377,1.100292141493996,1.0987950013631476,94.108527131782,93.34625322997282,100,0,0,0,0,0,0,0,0,0,0,0,0,0,0,0,0,0,0,100,0,0,0,0,0,0,0,0,0,0,-100,0,0,0,0,0,0,0,0,100,0,0,0,0,0,0,0,100,0,0,0,-100,-100,0,0,0,0,0,0,0,0,0,,False,False,,,,,
2024-08-14 03:00:00,1.09951,1.09965,1.09911,1.09913,1259,12,0,1.0974293928198438,1.099639019522545,0.00017478878846284267,0.0003254023884809849,1.0,0.09218857625039152,0.09110198827416766,0.00040877418832834536,0.0005050245272583152,1.088676680274034,1.0940822711418956,2024-08-14 03:00:00,2024-08-14 03:00:00,0.00020745454545445519,0.001571041504569326,1.0998406060606063,6.652090089191683e-05,0.0001979302773928899,1.099944,1.089565977093654,1.0927398711413474,1.0900705623368871,1.0925239343916355,0.00019792194929386917,4.5260115981234874e-05,,1.098707771322367,94.108527131782,93.34625322997282,0.001307244483821302,,,,,,,,,,,,,,,,1.0961194232431712,1.1021342358853075,1.0980113292746685,1.0962233783012418,1.099288571428571,0.001589951458750516,0.0013261586260274255,0.00027805446535891337,-0.0002550000000007824,-9.999999999843467e-06,4.928571428619577e-05,1.0995666258939298,1.099010516963212,93.8759689922469,93.68217054263452,0,0,0,0,0,0,0,0,0,0,0,0,0,0,0,0,0,0,0,0,0,0,0,0,0,0,0,0,0,0,0,0,0,0,0,0,0,0,0,0,0,0,0,0,0,0,0,0,0,0,0,-100,0,0,0,0,0,0,0,0,0,0,,False,False,,,,,
2024-08-14 04:00:00,1.09912,1.09959,1.09898,1.09912,1266,12,0,1.0976889004105235,1.0997763972736685,0.00016047281795093237,0.00034082395228224565,1.0,0.0925763288234254,0.09112948825125791,0.00044521542112594103,0.0004570434984885949,1.089535300270867,1.0940655009858105,2024-08-14 04:00:00,2024-08-14 04:00:00,-0.00010339393939373664,0.0014567984483477847,1.0995487272727258,9.095192176332987e-05,0.00019867423555896052,1.0998406060606063,1.0890288504458694,1.0929302249149955,1.089565977093654,1.0927398711413474,0.0001979302773928899,6.652090089191683e-05,,1.0987993776951743,93.8759689922469,93.68217054263452,0.0013371552767265985,,,,,,,,,,,,,,,,1.096272799744808,1.1023144559311613,1.0981818940016426,1.0964379428715203,1.099243571428572,0.0015446140686623533,0.001369849714554411,0.00021762790435450488,-4.4999999998962537e-05,-0.0002550000000007824,-9.999999999843467e-06,1.0994611993329264,1.0990259435242176,91.61223594308198,93.19891068903699,100,0,0,0,0,0,0,0,0,0,0,0,0,0,0,0,0,0,0,100,0,0,0,0,0,0,0,0,0,0,100,0,0,0,0,0,0,0,0,100,0,0,0,0,0,0,0,0,0,0,0,0,100,0,0,0,0,0,0,0,0,0,,False,False,,,,,
2024-08-14 05:00:00,1.0991,1.09934,1.09894,1.09908,1712,12,0,1.0979120290644515,1.1007987186618844,0.00014977836069743607,0.00029179759375424564,1.0,0.09273581700848195,0.09120739664031588,0.0004953034406027198,0.0004217980560594742,1.0902218412637183,1.093954965466081,2024-08-14 05:00:00,2024-08-14 05:00:00,-0.00029187878788050625,0.0013407341514948268,1.0993338787878784,0.00011917859929782299,0.00020295347378927045,1.0995487272727258,1.0884546750345714,1.093002773803582,1.0890288504458694,1.0929302249149955,0.00019867423555896052,9.095192176332987e-05,,1.0988617382073578,91.61223594308198,93.19891068903699,0.001337871051680244,,,,,,,,,,,,,,,,1.0964261977079306,1.1024947054464427,1.098320064155236,1.0966336508069632,1.0991900000000008,0.0014873561733794727,0.0013933510063194234,0.00021011334807553495,-5.357142857120856e-05,-4.4999999998962537e-05,-0.0002550000000007824,1.0994001133480764,1.0989798866519251,88.72539410275185,91.4045330126936,100,0,0,0,0,0,0,0,0,0,0,0,0,0,0,0,0,0,0,100,0,0,0,0,0,0,0,0,0,0,-100,0,0,0,0,0,0,0,0,100,0,0,0,0,0,0,0,100,0,0,0,0,-100,0,0,0,0,0,0,0,0,0,,False,False,,,,,
2024-08-14 06:00:00,1.09909,1.0991,1.09881,1.09893,1277,12,0,1.0981185789166763,1.1021026480100145,0.00013700048154632996,0.00021070380979018659,1.0,0.09286788732761142,0.09120739664031588,0.0004184809677501328,0.00038452156244325085,1.0908510167764551,1.0953300698475568,2024-08-14 06:00:00,2024-08-14 06:00:00,-0.0002148484848474297,0.0012229431770904853,1.099052606060607,0.0001477591505802993,0.00020296356874610326,1.0993338787878784,1.0879341546626917,1.093224246543416,1.0884546750345714,1.093002773803582,0.00020295347378927045,0.00011917859929782299,,1.0988769074946116,88.72539410275185,91.4045330126936,0.0013148854767622924,,,,,,,,,,,,,,,,1.0965796171355418,1.1026749844359705,1.0984139004390459,1.0968037507471882,1.0990721428571428,0.0014134002589176742,0.0013973608568390735,0.00024320283517994854,-0.00011785714285794668,-5.357142857120856e-05,-4.4999999998962537e-05,1.0993153456923228,1.0988289400219629,85.79257756528399,88.71006920370597,0,0,0,0,0,0,0,0,0,0,0,0,0,0,0,0,0,0,0,0,0,0,0,0,0,0,0,0,0,0,0,0,0,0,0,0,0,0,0,0,0,0,0,0,0,0,0,0,0,0,0,-100,0,0,0,0,0,0,0,0,0,0,,False,False,,,,,
2024-08-14 07:00:00,1.09893,1.09925,1.09889,1.09922,787,12,0,1.098294949512497,1.1035557536413532,0.00012520136433575451,0.00010001255075457619,1.0,0.09284970319507742,0.09125321943443865,0.0003154691638825232,0.0003662317780639237,1.0913181654351676,1.0967943568145961,2024-08-14 07:00:00,2024-08-14 07:00:00,-0.00028127272727140884,0.0010946446472037685,1.0991006060606054,0.00017602523394259634,0.00020294960298954836,1.099052606060607,1.0874828793600781,1.0934466254509076,1.0879341546626917,1.093224246543416,0.00020296356874610326,0.0001477591505802993,,1.0989531502735868,85.79257756528399,88.71006920370597,0.0012708373108505876,,,,,,,,,,,,,,,,1.096733058030645,1.102855292904564,1.0985379157561157,1.0969827321733223,1.099060714285714,0.0013598481130885354,0.001389858308088966,0.00023845734367770774,-1.1428571428773182e-05,-0.00011785714285794668,-5.357142857120856e-05,1.0992991716293918,1.0988222569420363,84.90385583408748,86.47394250070779,0,0,0,0,0,0,0,0,0,0,0,0,0,0,0,0,0,0,0,0,0,0,0,0,0,0,0,0,0,0,0,0,0,0,0,0,0,0,0,0,0,0,0,0,0,0,0,0,0,0,0,100,0,0,0,0,0,0,0,0,0,0,,False,False,,,,,
2024-08-14 08:00:00,1.09922,1.09941,1.09889,1.09899,957,12,0,1.098442310056202,1.1048383427523758,0.00011623962538332943,-1.793697785121488e-05,1.0,0.09283379099405094,0.09125321943443865,0.00020724624644557327,0.0003445586764982252,1.0917655073888122,1.098079423611919,2024-08-14 08:00:00,2024-08-14 08:00:00,4.799999999849369e-05,0.0010111383883386615,1.0990648484848482,0.0002041533509999902,0.00020296022269343614,1.0991006060606054,1.0870960690745746,1.0936682707309675,1.0874828793600781,1.0934466254509076,0.00020294960298954836,0.00017602523394259634,,1.0989613391016786,84.90385583408748,86.47394250070779,0.0012188975263482025,,,,,,,,,,,,,,,,1.0968865203962441,1.103035630857044,1.0986074671782518,1.0971314186790022,1.0990271428571434,0.0012844386197126134,0.0013687743704136955,0.0001921309077329486,-3.3571428570633444e-05,-1.1428571428773182e-05,-0.00011785714285794668,1.0992192737648763,1.0988350119494106,82.87342357977353,84.52328565971503,0,0,0,0,0,0,0,0,0,0,0,0,0,0,0,0,0,0,0,0,0,0,0,0,0,0,0,0,0,0,0,0,0,0,0,0,0,0,0,0,0,0,0,0,0,0,0,0,0,0,0,0,0,0,0,0,0,0,0,0,0,0,,False,False,,,,,
2024-08-14 09:00:00,1.09899,1.09953,1.09857,1.09943,2305,12,0,1.09857,1.105806875405222,8.047200233829313e-05,-0.0001297096465109991,1.0,0.09292028200895248,0.09125321943443865,0.00011276122060314713,0.0002663032794924829,1.0922275711721818,1.099023923099978,2024-08-14 09:00:00,2024-08-14 09:00:00,-3.575757575724481e-05,0.0009028837306457316,1.0991400000000002,0.00022734919892152973,0.00020295283470516654,1.0990648484848482,1.0868664434762334,1.0938905060832802,1.0870960690745746,1.0936682707309675,0.00020296022269343614,0.0002041533509999902,,1.0990654859679723,82.87342357977353,84.52328565971503,0.0011556947672077082,,,,,,,,,,,,,,,,1.0970400042353439,1.1032159982982312,1.09873401068929,1.097301683962039,1.099184285714286,0.0012424190618574027,0.001343503308702437,0.00016344505408936373,0.00015714285714252263,-3.3571428570633444e-05,-1.1428571428773182e-05,1.0993477307683752,1.0990208406601967,83.89988560218983,83.89238833868365,0,0,0,0,0,0,0,0,0,0,0,0,0,0,0,0,0,0,0,0,0,0,0,0,0,0,0,0,0,0,0,0,0,0,0,0,0,0,0,0,0,0,0,0,0,0,0,0,0,0,0,0,0,0,0,0,0,0,0,0,0,0,,False,False,,,,,
2024-08-14 10:00:00,1.09942,1.10072,1.09942,1.10051,2629,12,0,1.09942,1.1063094058784912,4.1970180230447706e-05,-0.0002131458303296869,1.0,0.09332700062075791,0.09166707863716547,6.167668117643521e-05,0.0003093730535406859,1.092512370448619,1.0994795482248525,2024-08-14 10:00:00,2024-08-14 10:00:00,7.515151515202767e-05,0.0008546364677803897,1.0995035151515153,0.00025409651927940755,0.00024041473847002416,1.0991400000000002,1.0866223126313816,1.0930515490986117,1.0868664434762334,1.0938905060832802,0.00020295283470516654,0.00022734919892152973,,1.0993864890862006,83.89988560218983,83.89238833868365,0.0010954831073222446,,,,,,,,,,,,,,,,1.0971935095509484,1.103396395232948,1.0990072398140147,1.097539337001888,1.0996778571428572,0.001274170986827139,0.0013296368443273773,0.0005472006683295838,0.0004935714285712045,0.00015714285714252263,-3.3571428570633444e-05,1.1002250578111867,1.0991306564745276,86.04184660155198,84.27171859450515,0,0,0,0,0,0,0,0,0,0,0,0,0,100,0,0,0,0,0,0,0,0,0,0,0,0,0,0,0,0,0,0,0,0,0,0,0,0,0,0,0,0,0,0,0,0,0,0,0,0,0,0,0,0,0,0,0,0,0,0,0,0,,False,False,,,,,
2024-08-14 11:00:00,1.09972,1.10193,1.09958,1.10186,2997,12,0,1.09958,1.1063537451135435,3.5874711823597044e-05,-0.0002553497535690716,1.0,0.09387633897306769,0.09221641698947525,0.00013230822298145584,0.0002597713588134864,1.0937675601165049,1.0991667312328437,2024-08-14 11:00:00,2024-08-14 11:00:00,0.0003635151515151147,0.000920178200422006,1.1002639393939386,0.0002756646416634677,0.00024041715790689997,1.0995035151515153,1.0865257063819618,1.093314589304829,1.0866223126313816,1.0930515490986117,0.00024041473847002416,0.00025409651927940755,,1.0999361581781562,86.04184660155198,84.27171859450515,0.0010604221259421969,,,,,1.1001410563789322,1.097812122189325,,,,,1.0989759723537915,,,,,1.0973470363460631,1.103576821666017,1.099446125996474,1.0978593861128592,1.100553571428572,0.0013828988424273714,0.0013402892439473761,0.0010881438980430713,0.0008757142857147571,0.0004935714285712045,0.00015714285714252263,1.101641715326615,1.099465427530529,91.88562237509181,87.27578485961124,0,0,0,0,0,0,0,0,0,0,0,0,0,0,0,0,0,0,0,0,0,0,0,0,0,0,0,0,0,0,0,0,0,0,0,0,0,0,0,0,0,0,0,0,0,0,0,0,0,0,0,0,0,0,0,0,0,0,0,0,0,0,,False,False,,,,,
2024-08-14 12:00:00,1.10186,1.10279,1.10149,1.1025,2386,12,0,1.1003728738398437,1.1059201219258716,-6.929189833163862e-06,-0.00022801653735396213,1.0,0.09426641120156745,0.09260648921797501,0.0001755156471584706,0.00023348583748976123,1.0945093601585696,1.0991269108449855,2024-08-14 12:00:00,2024-08-14 12:00:00,0.0007604242424232854,0.0010927705538430477,1.1011058181818185,0.00029961489748656577,0.0002454703203427887,1.1002639393939386,1.0864379233762127,1.0934456016478693,1.0865257063819618,1.093314589304829,0.00024041715790689997,0.0002756646416634677,,1.1005059008052325,91.88562237509181,87.27578485961124,0.001066891811522367,1.09857,-1.0,1.0989759723537915,,1.1005262704155057,1.098128597888607,,1.0,,,1.0993267804756497,1.097812122189325,1.1001410563789322,,,1.0975005846236936,1.1037572776022615,1.0999159527662472,1.0982031352896844,1.101456428571428,0.0014977805411877654,0.001371787503395454,0.0014589820325895523,0.000902857142855984,0.0008757142857147571,0.0004935714285712045,1.1029154106040175,1.0999974465388382,95.02386094811574,90.98377664158653,0,0,0,0,0,0,0,0,0,0,0,0,0,0,0,0,0,0,0,0,0,0,0,0,0,0,0,0,0,0,0,0,0,0,0,0,0,0,0,0,0,0,0,0,0,0,0,0,0,0,0,0,0,0,0,0,0,0,0,0,0,0,,False,False,,,,,
2024-08-14 13:00:00,1.10251,1.10251,1.10174,1.10212,2901,12,0,1.1003652342782277,1.1055739942469394,-6.922421397742573e-06,-0.00020676414837019977,1.0,0.09426641120156745,0.09260648921797501,0.00017551445285721016,0.0002334604218760072,1.0947648516066149,1.0993197790428237,2024-08-14 13:00:00,2024-08-14 13:00:00,0.0008418787878798906,0.0012562227845083207,1.101658727272728,0.0003166409575240943,0.00026290823447798473,1.1011058181818185,1.0865063360480904,1.0932772652264198,1.0864379233762127,1.0934456016478693,0.0002454703203427887,0.00029961489748656577,,1.1008645895151807,95.02386094811574,90.98377664158653,0.0011047580061195577,1.0991076,-1.0,1.0993267804756497,bullish,1.1008418246330254,1.0984157225533009,,1.0,,,1.0996281045067822,1.098128597888607,1.1005262704155057,,,1.0976541543868459,1.1039377630465061,1.1002550369560553,1.0984932734163744,1.1019578571428572,0.001540715764638989,0.001405573155644161,0.001491927484510362,0.0005014285714293187,0.000902857142855984,0.0008757142857147571,1.1034497846273676,1.1004659296583468,92.41959234286696,93.10969188869153,0,0,0,0,0,0,0,0,0,0,0,0,0,0,0,0,0,0,0,0,0,0,0,0,0,0,0,0,0,0,0,0,0,0,0,0,0,0,0,0,0,0,0,0,0,0,0,0,0,0,0,0,0,0,0,0,0,0,0,0,0,0,,False,False,,,,,
2024-08-14 14:00:00,1.10212,1.10245,1.10193,1.10218,2159,12,0,1.1003576287113488,1.1052592775494277,-6.932962152185099e-06,-0.00018078414905778545,1.0,0.09436489816820587,0.09260648921797501,0.0001768024434800357,0.0002195106908095378,1.0952333897770439,1.0994992972695676,2024-08-14 14:00:00,2024-08-14 14:00:00,0.000552909090909548,0.0012959867270792014,1.1021009090909086,0.00031664384048088777,0.00027859374295321023,1.101658727272728,1.0868504418420957,1.0931890879087538,1.0865063360480904,1.0932772652264198,0.00026290823447798473,0.0003166409575240943,,1.1011569029562516,92.41959234286696,93.10969188869153,0.0011430037503114864,1.09958,-1.0,1.0996281045067822,bullish,1.1011369462676681,1.0986911641395651,,1.0,,,1.0999133753945853,1.0984157225533009,1.1008418246330254,,,1.097807745638526,1.104118278003576,1.1005511851166623,1.0987663642744208,1.1022942857142854,0.0015596072984069842,0.0014363799841967256,0.001433630091091951,0.0003364285714282378,0.0005014285714293187,0.000902857142855984,1.1037279158053774,1.1008606556231935,88.22515282643134,91.88953537247136,100,0,0,0,0,0,0,0,0,0,0,0,0,0,0,0,0,0,0,100,0,0,0,0,0,0,0,0,0,0,100,0,0,0,0,0,0,0,0,100,0,0,0,0,0,0,0,100,0,0,0,0,100,0,0,0,0,0,0,0,0,0,,False,False,,,,,
2024-08-14 15:00:00,1.10223,1.10349,1.10035,1.10163,8072,12,0,1.10035,1.1050594822519033,-6.932962152185099e-06,-0.00018078414905778545,1.0,0.0947897785009873,0.09292376536764255,0.00018257812906613164,0.00011556240860943814,1.0969331145000882,1.0996880757019545,2024-08-14 15:00:00,2024-08-14 15:00:00,0.0004421818181805648,0.0012981448422619835,1.1022479393939397,0.00030622051153409205,0.0002747407117206073,1.1021009090909086,1.0873290577492882,1.093582040451992,1.0868504418420957,1.0931890879087538,0.00027859374295321023,0.00031664384048088777,,1.1012620356326401,88.22515282643134,91.88953537247136,0.0011740319687015858,1.1001578,-1.0,1.0999133753945853,bullish,1.1013594803536515,1.0989136228495364,,1.0,,,1.1001358718881564,1.0986911641395651,1.1011369462676681,,,1.0979613583817414,1.104298822478297,1.1007171566371758,1.0989784854392786,1.1021900000000002,0.0015145030794829761,0.0014520046032539756,0.0010990818679103742,-0.00010428571428522382,0.0003364285714282378,0.0005014285714293187,1.1032890818679106,1.1010909181320898,77.72497608553309,86.12324041827715,0,0,0,0,-100,0,0,0,0,0,0,0,0,0,0,0,0,0,0,0,0,0,0,0,0,0,0,0,0,0,0,0,0,0,0,0,0,0,0,0,0,0,0,0,0,0,0,0,0,0,0,0,0,0,0,0,0,0,0,0,0,0,,False,False,,,,,
2024-08-14 16:00:00,1.10162,1.10418,1.10156,1.10369,6379,12,0,1.1003423713415403,1.104859723070937,-6.932962152185099e-06,-0.00018078414905778545,1.0,0.09516640783530077,0.09323631208996404,0.00020588526726181402,7.202493635266389e-05,1.0976287166229755,1.0998914250388183,2024-08-14 16:00:00,2024-08-14 16:00:00,0.00014703030303109266,0.0012064728023326587,1.1028660606060607,0.00030623446186922614,0.00026885630898644953,1.1022479393939397,1.0876622718097777,1.0940108276185583,1.0873290577492882,1.093582040451992,0.0002747407117206073,0.00030622051153409205,,1.1018015832698311,77.72497608553309,86.12324041827715,0.0011805201354278005,,-1.0,1.1001358718881564,bullish,1.1017555324613402,1.0992374418721322,,1.0,,,1.100495766948366,1.0989136228495364,1.1013594803536515,,,1.0981149926194986,1.104479396475496,1.1011745171545335,1.0993274865178506,1.1026957142857141,0.0016128742188499245,0.0014841785263731654,0.0009570092301822647,0.0005057142857138874,-0.00010428571428522382,0.0003364285714282378,1.1036527235158964,1.1017387050555318,79.66858093195158,81.87290328130535,0,0,0,0,100,0,0,0,0,0,0,0,0,100,0,0,0,0,0,0,0,0,0,0,0,0,0,0,0,0,0,0,0,0,0,0,0,0,0,0,0,0,0,0,0,0,0,0,0,0,0,0,0,0,0,0,0,0,0,0,0,0,,False,False,,,,,
2024-08-14 17:00:00,1.10369,1.10466,1.10265,1.10349,5633,12,0,1.10033474273597,1.10466,-6.932962152185099e-06,-0.00018078414905778545,1.0,0.09567188512302284,0.09345362072597015,0.00022778044147168122,9.779545838638153e-05,1.097399417364326,1.0999142236491826,2024-08-14 17:00:00,2024-08-14 17:00:00,0.0006181212121210145,0.0013421940388671505,1.1032627272727278,0.000306218482050272,0.0002623057921063431,1.1028660606060607,1.0879959041688447,1.0944406186393059,1.0876622718097777,1.0940108276185583,0.00026885630898644953,0.00030623446186922614,,1.1021767869876464,79.66858093195158,81.87290328130535,0.0012128549161156705,1.10035,-1.0,1.100495766948366,bullish,1.1021001567985402,1.0995411905822814,,1.0,,,1.1008199301189936,1.0992374418721322,1.1017555324613402,,,1.0982686483548059,1.10466,1.1015307452846053,1.0996358208498618,1.1029799999999994,0.0016548323769558504,0.0015183092964897024,0.0007968031363404259,0.0002842857142852928,0.0005057142857138874,-0.00010428571428522382,1.1037768031363397,1.102183196863659,78.08296547969188,78.49217416572554,0,0,0,0,0,0,0,0,0,0,0,0,0,0,0,0,0,0,0,0,0,0,0,0,0,0,0,0,0,0,-100,0,0,0,0,0,0,0,0,0,0,0,0,0,0,0,0,0,0,0,0,0,-100,0,0,0,0,0,0,0,0,0,,False,False,,,,,
2024-08-14 18:00:00,1.1035,1.10356,1.10206,1.10226,3144,12,0,1.100327114183288,1.104460313032565,-6.932962152185099e-06,-0.00018078414905778545,1.0,0.09609371270050684,0.09345362072597015,0.00024449298956630625,0.00015744643765282164,1.0968585156501278,1.0998353931108837,2024-08-14 18:00:00,2024-08-14 18:00:00,0.00039666666666704486,0.001380663189091802,1.1030897575757577,0.0003062375955532901,0.000251221150840567,1.1032627272727278,1.088328756074268,1.0949446980098467,1.0879959041688447,1.0944406186393059,0.0002623057921063431,0.000306218482050272,,1.1021952787681695,78.08296547969188,78.49217416572554,0.0012464165707108967,1.10035,-1.0,1.1008199301189936,bullish,1.1023092417395037,1.0997496543804046,,1.0,,,1.1010287042685787,1.0995411905822814,1.1021001567985402,,,1.0984223255906709,1.1048406330566376,1.1016429383177428,1.0998302044906128,1.1028049999999996,0.0015762972523190033,0.0015299068876555625,0.0007569613439120222,-0.0001749999999998142,0.0002842857142852928,0.0005057142857138874,1.1035619613439116,1.1020480386560876,77.5483024975939,78.4332829697458,0,0,0,0,0,0,0,0,0,0,0,0,0,-100,0,0,0,0,0,0,0,0,0,0,0,0,0,0,0,0,0,0,0,0,0,0,0,0,0,0,-100,0,0,0,0,0,0,0,0,0,0,0,0,0,0,0,0,0,0,0,0,0,,False,False,,,,,
2024-08-14 19:00:00,1.10227,1.10235,1.10148,1.10177,2912,12,0,1.1003194856834946,1.1042606621621054,-6.932962152185099e-06,-0.00018078414905778545,1.0,0.09613009287337686,0.09345362072597015,0.00028414294951910584,0.0002053546622763016,1.0965633310564504,1.0993671584318179,2024-08-14 19:00:00,2024-08-14 19:00:00,-0.00017296969697011555,0.0012365020290225903,1.1026941818181826,0.00029982908005324316,0.0002342303690382952,1.1030897575757577,1.0887170595077174,1.0955340826563325,1.088328756074268,1.0949446980098467,0.000251221150840567,0.0003062375955532901,,1.102100772375243,77.5483024975939,78.4332829697458,0.0012444336623732353,1.1005224,-1.0,1.1010287042685787,bullish,1.1024607821784842,1.0998981915126398,,1.0,,,1.1011787414092797,1.0997496543804046,1.1023092417395037,,,1.0985760243301024,1.1050212956502379,1.1016624862688593,1.0999738930468637,1.1025178571428573,0.001459575481419284,0.0015158406064083069,0.0008136221189027606,-0.00028714285714226406,-0.0001749999999998142,0.0002842857142852928,1.1033314792617601,1.1017042350239545,64.64148877941999,73.42425225223529,0,0,0,0,0,0,0,0,0,0,0,0,0,0,0,0,0,0,0,0,0,0,0,0,0,0,0,0,0,0,0,0,0,0,0,0,0,0,0,0,0,0,0,0,0,0,0,0,0,0,0,-100,0,0,0,0,0,0,0,0,0,0,,False,False,,,,,
2024-08-14 20:00:00,1.10177,1.10178,1.10125,1.10137,2025,12,0,1.1003118572365889,1.1040610473820962,-6.932962152185099e-06,-0.00018078414905778545,1.0,0.09641240683656611,0.09345362072597015,0.00028413248254754314,0.0002223961994056321,1.096640743747743,1.099679649834476,2024-08-14 20:00:00,2024-08-14 20:00:00,-0.0003955757575750951,0.0010518596954187664,1.1022269696969698,0.0002839351963413357,0.00021632764135758197,1.1026941818181826,1.0891629703674215,1.0961026124961402,1.0887170595077174,1.0955340826563325,0.0002342303690382952,0.00029982908005324316,,1.101938378514078,64.64148877941999,73.42425225223529,0.0012059188689823416,1.100687904,-1.0,1.1011787414092797,bullish,1.1025661195061358,1.0999908887718801,,1.0,,,1.1012777513984913,1.0998981915126398,1.1024607821784842,,,1.0987297445761093,1.1052019877856307,1.1016174883813425,1.1000773083767257,1.1020857142857148,0.0013212096046091304,0.0014769144060484715,0.0009080093349564442,-0.00043214285714254785,-0.00028714285714226406,-0.0001749999999998142,1.1029937236206713,1.1011777049507583,53.03776683086965,65.07585270262787,0,0,0,0,0,0,0,0,0,0,0,0,0,0,0,0,0,0,0,0,0,0,0,0,0,0,0,0,0,0,0,0,0,0,0,0,0,0,0,0,0,0,0,0,0,0,0,0,0,0,0,-100,0,0,0,0,0,0,0,0,0,0,,False,False,,,,,
2024-08-14 21:00:00,1.1013600000000001,1.10164,1.10103,1.10154,1542,12,0,1.1003042288425706,1.1038614686860133,-6.932962152185099e-06,-0.00018078414905778545,1.0,0.09680015940959999,0.09345362072597015,0.0002976331231780547,0.00018558129230564037,1.097174246943494,1.0997708966385904,2024-08-14 21:00:00,2024-08-14 21:00:00,-0.0004672121212128122,0.0008537894476081664,1.1019527272727272,0.000269282031676795,0.0002163589315485308,1.1022269696969698,1.0895664570501276,1.0963392140507282,1.0891629703674215,1.0961026124961402,0.00021632764135758197,0.0002839351963413357,,1.101849849955394,53.03776683086965,65.07585270262787,0.0011354929847075066,1.10084678784,-1.0,1.1012777513984913,bullish,1.102666198732037,1.1000770640913615,,1.0,,,1.101370870585345,1.0999908887718801,1.1025661195061358,,,1.098883486331701,1.1053827094676467,1.1016055670919052,1.1001856559043757,1.1017764285714284,0.0012097898961431763,0.0014234895040674124,0.0009578274026778813,-0.00030928571428634477,-0.00043214285714254785,-0.00028714285714226406,1.1027342559741062,1.1008186011687506,49.09688013136192,55.592045247217214,0,0,0,0,0,0,0,0,0,0,0,0,0,0,0,0,0,0,0,0,0,0,0,0,0,0,100,0,0,0,0,0,0,0,0,0,0,0,0,0,0,0,0,0,0,0,0,0,0,0,0,100,0,0,0,0,0,0,0,0,0,0,,False,False,,,,,
2024-08-14 22:00:00,1.10152,1.10159,1.10108,1.10122,1649,12,0,1.1002966005014398,1.103661926067334,-6.932962152185099e-06,-0.00018078414905778545,1.0,0.09695964759465654,0.09345362072597015,0.0003254023884809849,0.00017478878846284267,1.0974478878436034,1.099673521085168,2024-08-14 22:00:00,2024-08-14 22:00:00,-0.0002742424242425656,0.0007146596602920496,1.1016843030303023,0.0002626937122635391,0.00021634036815907287,1.1019527272727272,1.089895121442327,1.0965767147424867,1.0895664570501276,1.0963392140507282,0.0002163589315485308,0.000269282031676795,,1.1017098832986398,49.09688013136192,55.592045247217214,0.0010513263198244152,1.1009993163263998,-1.0,1.101370870585345,bullish,1.1027283686521208,1.1001174518197228,,1.0,,,1.1014221365901862,1.1000770640913615,1.102666198732037,,,1.099037249599887,1.1055634607011173,1.1015462490777659,1.100262273985533,1.1013199999999996,0.001084533447446523,0.0013556982927432344,0.0010130058994736462,-0.0004564285714288019,-0.00030928571428634477,-0.00043214285714254785,1.1023330058994734,1.100306994100526,46.08648056923912,49.407042510490264,0,0,0,0,0,0,0,0,0,0,0,0,0,0,0,0,0,0,0,0,0,0,0,0,0,0,0,0,0,0,0,0,0,0,0,0,0,0,0,0,0,0,0,0,0,0,0,0,0,0,0,-100,0,0,0,0,0,0,0,0,0,0,,False,False,,,,,
2024-08-14 23:00:00,1.10123,1.1014,1.10103,1.10105,1475,12,0,1.1002889722131957,1.1034624195195364,-6.932962152185099e-06,-0.00018078414905778545,1.0,0.097091717913786,0.09345362072597015,0.00034082395228224565,0.00016047281795093237,1.0977058574186334,1.099812480615228,2024-08-14 23:00:00,2024-08-14 23:00:00,-0.0002684242424249028,0.0005652696922635592,1.1013700606060595,0.0002538853349996687,0.0002163531257152266,1.1016843030303023,1.0902189419791573,1.096813752732964,1.089895121442327,1.0965767147424867,0.00021634036815907287,0.0002626937122635391,,1.1015632425656088,46.08648056923912,49.407042510490264,0.000954114994312244,,-1.0,1.1014221365901862,bullish,1.1027644064362596,1.1001268948009157,,1.0,,,1.1014448611481635,1.1001174518197228,1.1027283686521208,,,1.0991910343836775,1.1057442414908747,1.101469903065802,1.1003206240606787,1.1011264285714277,0.0009611241695692829,0.001276783468108444,0.0008385077447964149,-0.00019357142857190368,-0.0004564285714288019,-0.00030928571428634477,1.101964936316224,1.1002879208266314,41.129766814157975,45.43770917158637,0,0,0,0,0,0,0,0,0,0,0,0,0,0,0,0,0,0,0,0,0,0,0,0,0,0,0,0,0,0,0,100,0,0,0,0,0,0,0,0,0,0,0,0,0,0,0,0,0,0,0,-100,0,0,0,0,0,0,0,0,0,0,,False,False,,,,,
2024-08-15 00:00:00,1.10108,1.10132,1.10103,1.10111,164,13,0,1.100281343977838,1.1032629490361003,-6.932962152185099e-06,-0.00018078414905778545,1.0,0.0972461664918661,0.09345362072597015,0.00029179759375424564,0.00014977836069743607,1.0979278681695521,1.1008296576863745,2024-08-15 00:00:00,2024-08-15 00:00:00,-0.00031424242424282767,0.00042914157381779283,1.1011266666666664,0.0002468437217127559,0.0002163259296809637,1.1013700606060595,1.090518065437042,1.0970514153941262,1.0902189419791573,1.096813752732964,0.0002163531257152266,0.0002538853349996687,,1.1014625219954735,41.129766814157975,45.43770917158637,0.0008491203102133538,,-1.0,1.1014448611481635,bullish,1.1027915842878449,1.100127556839704,,1.0,,,1.1014587651500956,1.1001268948009157,1.1027644064362596,,,1.0993448406860835,1.1059250518417518,1.101414533363371,1.1003790963524802,1.1011142857142857,0.0008576563419346872,0.0011929580428736927,0.00042766252826773786,-1.2142857142016794e-05,-0.00019357142857190368,-0.0004564285714288019,1.1015419482425535,1.100686623186018,34.91297925743067,40.70974221360928,100,0,0,0,0,0,0,0,0,0,0,0,0,0,0,0,0,0,0,100,0,0,0,0,0,100,0,0,0,0,0,0,0,0,0,0,0,0,0,100,0,0,0,0,0,0,0,100,0,0,0,100,100,0,0,0,0,0,0,0,0,0,,False,False,,,,,
2024-08-15 01:00:00,1.10106,1.10149,1.10097,1.10124,517,12,0,1.1002737157953664,1.1030635146105066,-6.932962152185099e-06,-0.00018078414905778545,1.0,0.0972325425136611,0.09345362072597015,0.00021070380979018659,0.00013700048154632996,1.0981330872348884,1.1021250425278826,2024-08-15 01:00:00,2024-08-15 01:00:00,-0.0002433939393930995,0.00033109888516835717,1.1008931515151519,0.00023867482331784624,0.00021633434123860787,1.1011266666666664,1.0908042356024648,1.0972886977338117,1.090518065437042,1.0970514153941262,0.0002163259296809637,0.0002468437217127559,,1.101413072663146,34.91297925743067,40.70974221360928,0.0007455160252043544,,-1.0,1.1014587651500956,bullish,1.102812629744674,1.1001317066198832,,1.0,,,1.1014713525294109,1.100127556839704,1.1027915842878449,,,1.0994986685101158,1.1061058917585826,1.1013876820766986,1.1004428669930373,1.101142857142857,0.0007761548472908775,0.0011095974037571297,0.0002537340189458201,2.857142857126682e-05,-1.2142857142016794e-05,-0.00019357142857190368,1.1013965911618029,1.100889123123911,27.291544145796337,34.44476340579502,0,0,0,0,0,0,0,0,0,0,0,0,0,0,0,0,0,0,0,0,0,0,0,0,0,0,0,0,0,0,0,0,0,0,0,0,0,0,0,0,0,0,0,0,0,0,0,0,0,0,0,100,0,0,0,0,0,0,0,0,0,0,,False,False,,,,,
2024-08-15 02:00:00,1.10129,1.10134,1.1009,1.10109,785,13,0,1.1002660876657806,1.102864116236237,-6.932962152185099e-06,-0.00018078414905778545,1.0,0.09705406854208695,0.09345362072597015,0.00010001255075457619,0.00012520136433575451,1.0983081916975093,1.103566382334274,2024-08-15 02:00:00,2024-08-15 02:00:00,-0.0002335151515144851,0.0002695854489374039,1.1009072121212116,0.0002307414593824495,0.00021732379345593117,1.1008931515151519,1.0910724213992915,1.0975043826475657,1.0908042356024648,1.0972886977338117,0.00021633434123860787,0.00023867482331784624,,1.1013412787380024,27.291544145796337,34.44476340579502,0.0006503299099509644,,-1.0,1.1014713525294109,bullish,1.1028046242242207,1.100123236525984,,1.0,,,1.101463114433421,1.1001317066198832,1.102812629744674,,,1.0996525178587857,1.1062867612462017,1.1013418848341296,1.1004908027713307,1.1011207142857145,0.0006920794702629518,0.0010260938170582941,0.0001743013263592925,-2.2142857142526395e-05,2.857142857126682e-05,-1.2142857142016794e-05,1.1012950156120738,1.1009464129593551,22.64571191942115,28.28341177421608,0,0,0,0,0,0,0,0,0,0,0,0,0,0,0,0,0,0,0,0,0,0,0,0,0,0,0,0,0,0,0,0,0,0,0,0,0,0,0,0,0,0,0,0,0,0,0,0,0,0,0,-100,0,0,0,0,0,0,0,0,0,0,,False,False,,,,,
2024-08-15 03:00:00,1.10111,1.1013600000000001,1.10086,1.10091,1364,13,0,1.10025845958908,1.1026647539067742,-6.932962152185099e-06,-0.00018078414905778545,1.0,0.09677072164316765,0.09345362072597015,-1.793697785121488e-05,0.00011623962538332943,1.0984545851535792,1.104836437560591,2024-08-15 03:00:00,2024-08-15 03:00:00,1.4060606059684844e-05,0.00020373454366806598,1.1009525454545446,0.00022389035400071806,0.00021732250518533225,1.1009072121212116,1.0913234784840922,1.0977429675897938,1.0910724213992915,1.0975043826475657,0.00021732379345593117,0.0002307414593824495,,1.1012454390184463,22.64571191942115,28.28341177421608,0.0005610108366943847,,-1.0,1.101463114433421,bearish,1.10274803104089,1.1001208724493936,,1.0,,,1.1014336684524197,1.100123236525984,1.1028046242242207,,,1.0998063887351053,1.1064676603094445,1.1012754410134944,1.1005218544178987,1.1010257142857136,0.0006048198140504724,0.0009418390164567297,0.00019839834866165274,-9.500000000084441e-05,-2.2142857142526395e-05,2.857142857126682e-05,1.1012241126343754,1.1008273159370519,16.937354988400077,22.291537017872553,0,0,0,0,0,0,0,0,0,0,0,0,0,0,0,0,0,0,0,0,0,0,0,0,0,0,0,0,0,0,0,0,0,0,0,0,0,0,0,0,0,0,0,0,0,0,0,0,0,0,0,0,0,0,0,0,0,0,0,0,0,0,,False,False,,,,,
2024-08-15 04:00:00,1.10091,1.10093,1.1002399999999999,1.10063,2253,12,0,1.1002508315652646,1.102465427615603,-6.932962152185099e-06,-0.00018078414905778545,1.0,0.09650058024690783,0.09345362072597015,-0.0001297096465109991,8.047200233829313e-05,1.098578476462961,1.1057931226627271,2024-08-15 04:00:00,2024-08-15 04:00:00,4.5333333333008596e-05,0.0001331775093174059,1.1008618787878792,0.00019933048399686012,0.00021730822963019177,1.1009525454545446,1.0917507886037798,1.0979819019590988,1.0913234784840922,1.0977429675897938,0.00021732250518533225,0.00022389035400071806,,1.1011086747921248,16.937354988400077,22.291537017872553,0.00047544417121898896,,-1.0,1.1014336684524197,bearish,1.1026273997046483,1.1001284808995546,,1.0,,,1.1013772315765842,1.1001208724493936,1.10274803104089,,,1.0999602811420868,1.106648588953147,1.1011761423960338,1.100529865201758,1.1008878571428578,0.0005087706685797944,0.0008552253468813427,0.0002100680161722945,-0.00013785714285585726,-9.500000000084441e-05,-2.2142857142526395e-05,1.10109792515903,1.1006777891266855,12.995314134936123,17.52612701425248,0,0,0,0,0,0,0,0,0,0,0,0,0,0,0,0,0,0,0,0,0,0,0,0,0,0,100,0,0,0,0,0,0,0,0,0,0,0,0,0,0,0,0,0,0,0,0,0,0,0,0,0,0,0,0,0,0,0,0,0,0,0,,False,False,,,,,
2024-08-15 05:00:00,1.10066,1.10107,1.1005,1.1008,1287,12,0,1.1002432035943337,1.1022661373562086,-6.932962152185099e-06,-0.00018078414905778545,1.0,0.09646881145108398,0.09345362072597015,-0.0002131458303296869,4.1970180230447706e-05,1.0994244314390333,1.1062867600383557,2024-08-15 05:00:00,2024-08-15 05:00:00,-9.066666666535106e-05,4.999789274617861e-05,1.100824484848485,0.00019324721349096524,0.0002173193177676589,1.1008618787878792,1.092220212709293,1.0982202311230806,1.0917507886037798,1.0979819019590988,0.00021730822963019177,0.00019933048399686012,,1.101040080393875,12.995314134936123,17.52612701425248,0.00039035491552442687,,-1.0,1.1013772315765842,bearish,1.1024929997260797,1.1001687294700042,,1.0,,,1.1013302514496797,1.1001284808995546,1.1026273997046483,,,1.1001141950827427,1.1068295471821463,1.1011182743351056,1.100549875186813,1.1008300000000002,0.000440292156338673,0.0007722387087728087,0.00020863501963635836,-5.785714285755361e-05,-0.00013785714285585726,-9.500000000084441e-05,1.1010386350196366,1.1006213649803638,11.495417370948767,13.809362164761687,0,0,0,0,0,0,0,0,0,0,0,0,0,0,0,0,0,0,0,0,0,0,0,0,0,0,0,0,0,0,0,0,0,0,0,0,0,0,0,0,0,0,0,0,0,0,0,0,0,0,0,0,100,0,0,0,0,0,0,0,0,0,,False,False,,,,,
2024-08-15 06:00:00,1.10081,1.10101,1.10068,1.1007500000000001,649,12,0,1.100235575676287,1.1020668831220777,-6.932962152185099e-06,-0.00018078414905778545,1.0,0.09645746447414365,0.09345362072597015,-0.0002553497535690716,3.5874711823597044e-05,1.0995837866047988,1.106326627085165,2024-08-15 06:00:00,2024-08-15 06:00:00,-3.739393939428126e-05,1.014537035737284e-05,1.1007603636363636,0.0001915450042741136,0.00021729848398552426,1.100824484848485,1.0925000740257582,1.0984595013303249,1.092220212709293,1.0982202311230806,0.0002173193177676589,0.00019324721349096524,,1.100975618084125,11.495417370948767,13.809362164761687,0.00031431300649101604,,-1.0,1.1013302514496797,bearish,1.1023472065576334,1.1002090088297591,,1.0,,,1.1012775887636266,1.1001687294700042,1.1024929997260797,,,1.1002681305600865,1.1070105350012802,1.1010616167450893,1.100564699247049,1.100760000000001,0.00037787298026970007,0.000693365563072187,0.00022126261059495975,-6.999999999912632e-05,-5.785714285755361e-05,-0.00013785714285585726,1.100981262610596,1.1005387373894062,11.010558069384944,11.833763191756644,0,0,0,0,0,0,0,0,0,0,0,0,0,0,0,0,0,0,0,0,0,0,0,0,0,0,0,0,0,0,0,0,0,0,0,0,0,0,0,0,0,0,0,0,0,0,0,0,0,0,0,0,-100,0,0,0,0,0,0,0,0,0,,False,False,,,,,
2024-08-15 07:00:00,1.1007500000000001,1.10115,1.10074,1.10111,687,12,0,1.1002279478111243,1.101867664906698,-6.932962152185099e-06,-0.00018078414905778545,1.0,0.09643476897509944,0.09345362072597015,-0.00022801653735396213,-6.929189833163862e-06,1.1003721394391441,1.105895833675632,2024-08-15 07:00:00,2024-08-15 07:00:00,-6.412121212129307e-05,-2.3213049327619473e-05,1.1008499393939393,0.00016383599173872815,0.0002173116400323298,1.1007603636363636,1.0937571996536066,1.0986978912361065,1.0925000740257582,1.0984595013303249,0.00021729848398552426,0.0001915450042741136,1.0963862500000006,1.1010054807320973,11.010558069384944,11.833763191756644,0.00024680779532728893,,-1.0,1.1012775887636266,bearish,1.1022442592929667,1.1002610253927987,,1.0,,,1.1012521958947485,1.1002090088297591,1.1023472065576334,,,1.1004220875771318,1.107191552415387,1.101069060322768,1.1006050918954158,1.1008485714285723,0.0003512159234497769,0.000624935635147705,0.00022126261059495975,8.85714285712158e-05,-6.999999999912632e-05,-5.785714285755361e-05,1.1010698340391671,1.1006273088179774,16.804321357833,13.1034322660556,0,0,0,0,0,0,0,0,0,0,0,0,0,100,0,100,0,0,0,0,0,0,0,0,0,0,0,0,0,0,0,-100,0,0,0,0,0,0,0,0,100,0,0,0,0,0,0,0,0,0,0,0,0,0,0,0,0,0,0,0,0,0,,False,False,,,,,
2024-08-15 08:00:00,1.1011,1.10125,1.1008,1.10089,921,12,0,1.100220319998845,1.1016684827035588,-6.932962152185099e-06,-0.00018078414905778545,1.0,0.09643476897509944,0.09345362072597015,-0.00020676414837019977,-6.922421397742573e-06,1.1003645021220385,1.105552022341321,2024-08-15 08:00:00,2024-08-15 08:00:00,8.957575757562175e-05,-5.702498756088303e-06,1.100851090909091,0.00014552508703960656,0.00019283892754747898,1.1008499393939393,1.094595997227526,1.0995797480489722,1.0937571996536066,1.0986978912361065,0.0002173116400323298,0.00016383599173872815,1.0964974537037042,1.1009798183471868,16.804321357833,13.1034322660556,0.00019630573651061348,,-1.0,1.1012521958947485,bearish,1.1021780529880902,1.1002441414190556,,1.0,,,1.1012106726693163,1.1002610253927987,1.1022442592929667,,,1.1005760661368922,1.1073725994293064,1.1010415125808037,1.100626196199459,1.1008771428571429,0.0003098956186213808,0.0005619276318424402,0.0001749965985784906,2.8571428570600688e-05,8.85714285712158e-05,-6.999999999912632e-05,1.1010521394557213,1.1007021462585644,22.849656006456865,16.888178477891632,0,0,0,0,0,0,0,0,0,0,0,0,0,0,0,0,0,0,0,0,0,0,0,0,0,0,0,0,0,0,0,0,0,0,0,0,0,0,0,0,0,0,0,0,0,0,0,0,0,0,0,0,0,0,0,0,0,0,0,0,0,0,,False,False,,,,,
2024-08-15 09:00:00,1.10089,1.10148,1.10072,1.10139,2001,12,0,1.1002126922394488,1.1014693365061496,-6.932962152185099e-06,-0.00018078414905778545,1.0,0.09643476897509944,0.09345362072597015,-0.00018078414905778545,-6.932962152185099e-06,1.1003568919813598,1.1052399811387679,2024-08-15 09:00:00,2024-08-15 09:00:00,1.151515151676108e-06,-1.790008110780228e-05,1.1009890303030307,0.00013991702787379283,0.00016350577532100964,1.100851090909091,1.0947546992483976,1.1005309730232327,1.094595997227526,1.0995797480489722,0.00019283892754747898,0.00014552508703960656,1.0966182573159584,1.1010709698255898,22.849656006456865,16.888178477891632,0.00015346457298693033,,-1.0,1.1012106726693163,bearish,1.1021228074480869,1.100296307393888,,1.0,,,1.1012091787347738,1.1002441414190556,1.1021780529880902,,,1.1007300662423825,1.1075536760478784,1.1010951260299109,1.1006827742587584,1.1010878571428566,0.00031083832755629537,0.0005117097709852112,0.0002533677921232748,0.00021071428571373119,2.8571428570600688e-05,8.85714285712158e-05,1.1013412249349799,1.1008344893507334,43.89527705207914,27.84975147212303,0,0,0,0,0,0,0,0,0,0,0,0,0,0,0,0,0,0,0,0,0,0,0,0,0,0,0,0,0,0,0,0,0,0,0,0,0,0,0,0,0,0,0,0,0,0,0,0,0,0,0,0,0,0,0,0,0,0,0,0,0,0,,False,False,,,,,
