time,open,high,low,close,tick_volume,spread,real_volume,bb_lower,bb_middle,bb_upper,ema_50,ema_50_grad,lsma,lsma_long,long_smooth,long_smooth_grad,lsma2,lsma2_grad,lsma2_smooth,lsma2_smooth_grad,lsma3,lsma3_grad,lsma3_smooth,lsma3_smooth_grad,lsma_grad,lsma_long_grad,support_trendline_15,resistance_trendline_15,support_gradient_15,resistance_gradient_15,supertrend_dir,Span_A,Span_B,sr_levels,fixed_resistance_gradient_15,fixed_support_gradient_15,fixed_support_trendline_15,fixed_resistance_trendline_15,fixed_support_grad,fixed_resistance_grad,ema_short,ema_long,macd_line,macd_signal,lsma_stddev,lsma_slope,prev_lsma_slope_1,prev_lsma_slope_2,lsma_upper_band,lsma_lower_band,stoch_k,stoch_d,is_doji,is_doji_star,3whitesoldiers,3blackcrows,engulfing,inverted_hammer,two_crows,three_inside,three_line_strike,three_outside,three_stars_in_south,abandoned_baby,advance_block,belt_hold,breakaway,closing_marubozu,conceal_baby_swallow,counterattack,dark_cloud_cover,doji,doji_star,dragonfly_doji,evening_doji_star,evening_star,gap_side_side_white,gravestone_doji,hammer,hanging_man,harami,harami_cross,high_wave,hikkake,hikkake_mod,homing_pigeon,identical_three_crows,in_neck,kicking,kicking_by_length,ladder_bottom,long_legged_doji,long_line,matching_low,mat_hold,morning_doji_star,morning_star,on_neck,piercing,rickshaw_man,rise_fall_3_methods,separating_lines,shooting_star,short_line,spinning_top,stalled_pattern,stick_sandwich,takuri,tasuki_gap,thrusting,tristar,unique_3_river,upside_gap_two_crows,xside_gap_3_methods,be_increment,be_condition_increment,ticket,sr_cross_signal,in_session,is_buy2,is_sell2,signal,tp,sl,be,be_condition,conditions_arr
2024-05-03 15:00:00,2298.17,2320.29,2294.57,2304.74,19727,0,0,2280.9666810791514,2302.5716666666663,2324.176652254181,2302.4254590163937,0.07845901639348085,2301.4354512421214,2301.4354512421214,2300.704819676185,0.5118581139536218,2306.4367948717936,4.268601398599458,2303.9770046620047,0.8125563325565963,2296.745804195803,-1.3034149184140915,2297.8829681429665,-0.8511538461543751,0.9683826473847148,0.9683826473847148,2276.583132128509,2332.873266691338,0.0002270109090650542,-1.5421370193689166e-05,,7.7436819726071215,7.743489846237276,"[2303.224466260702, 2303.014555278369]",-8.554596034512373e-05,5.333639807398762e-05,2281.85643406309,2330.4631896952105,0.12197314856121011,-1.5472180507285884,2301.764436128988,2302.3716218728346,-0.6704732382995644,-0.5563236389406037,2.9655037514747327,0.9683826473847148,0.25512940304224685,0.31206229143390374,2307.3664587450708,2295.504443739172,22.477502987123827,22.992900054088164,0,0,0,0,100,0,0,0,0,0,0,0,0,0,0,0,0,0,0,0,0,0,0,0,0,0,0,0,0,0,0,0,0,0,0,0,0,0,0,0,0,0,0,0,100,0,0,0,0,0,0,0,0,0,0,0,0,0,0,0,0,0,4.0,5.0,,buy,True,True,False,0.0,2404.74,2284.74,2334.74,2339.74,"5.0,4.0,2339.74"
2024-05-03 22:00:00,2299.16,2301.43,2295.98,2301.32,4929,27,0,2284.433787791805,2303.7008333333333,2322.9678788748615,2301.274750551308,0.001533879616545164,2298.4781653689283,2298.4781653689283,2298.766903472995,-0.1602031887277917,2302.6084498834502,-0.8878088578085226,2303.208216783219,-0.2604467754467805,2291.92097902098,1.205093240093447,2290.583131313131,1.5790209790216068,-0.29481201334829166,-0.29481201334829166,2290.853932923205,2335.3406170390763,9.558658393302775e-05,-8.395284549555009e-05,,7.740123821380384,7.740194923069205,"[2303.224466260702, 2299.4800104999995, 2302.8046634268762, 2303.014555278369]",-8.55346881613568e-05,-5.3314792784668986e-05,2282.601189063314,2329.0682595347994,0.8325453463626218,-0.19912453192318935,2299.1251641747035,2300.2388534535507,-1.0395167943588604,-1.3242953843253131,5.43185823899828,-0.29481201334829166,-0.27659028550124276,0.09079273266615928,2309.341881846925,2287.6144488909317,54.97414524967195,52.43240462041092,0,0,0,0,0,0,0,0,0,0,0,0,0,0,0,0,0,0,0,0,0,0,0,0,0,0,100,0,0,0,0,100,0,0,0,0,0,0,0,0,0,0,0,0,0,0,0,0,0,0,0,100,0,0,0,0,0,0,0,0,0,0,4.0,5.0,,buy,True,True,False,0.0,2401.32,2281.32,2331.32,2336.32,"5.0,4.0,2336.32"
2024-05-03 23:00:00,2301.31,2303.29,2300.53,2301.86,2343,28,0,2285.1877151363756,2303.9521666666665,2322.7166181969574,2301.2939390578226,0.019188506514637993,2298.034981831663,2298.034981831663,2298.42870819429,-0.3381952787053706,2302.3390209790214,-0.269428904428878,2302.8145765345776,-0.3936402486415318,2294.4171678321673,2.4961888111870394,2292.351344211345,1.7682128982137328,-0.4431835372652131,-0.4431835372652131,2291.072889718024,2335.1450601743154,9.559074105143236e-05,-8.396605119785066e-05,,7.740123821380384,7.740194923069205,"[2303.014555278369, 2299.4800104999995, 2301.838541179336, 2302.8046634268762, 2303.224466260702]",-8.552291164564721e-05,-5.331048178647732e-05,2282.479031853564,2328.868915822801,-0.12215720975018485,-0.19934371199860834,2299.545908147826,2300.3589383829176,-0.7543285457627462,-1.2103020166127998,4.969351603292376,-0.4431835372652131,-0.29481201334829166,-0.27659028550124276,2307.973685038248,2288.0962786250784,54.87381338272771,54.385017107869594,100,0,0,0,0,0,0,0,0,0,0,0,0,0,0,0,0,0,0,100,0,0,0,0,0,100,0,0,0,0,0,0,0,0,0,0,0,0,0,100,0,0,0,0,0,0,0,100,0,0,0,100,100,0,0,0,0,0,0,0,0,0,4.0,5.0,,buy,False,True,False,0.0,2401.86,2281.86,2331.86,2336.86,"5.0,4.0,2336.86"
2024-05-06 04:00:00,2295.99,2309.07,2295.7,2308.34,14224,27,0,2287.2922805304374,2304.6701666666663,2322.048052802895,2301.14500445698,0.24389815400081716,2297.9501646273634,2297.9501646273634,2297.293759733038,-0.10278383388867951,2303.3371794871805,3.270454545456232,2301.8737334887337,0.16783993784110862,2298.4470629370644,0.9955827505841626,2297.7700310800315,0.5049222999218728,1.327098257322632,1.327098257322632,2295.6999999999994,2334.361257234762,6.474187980837823e-05,-8.397879580414701e-05,,7.740211677086639,7.740052719691563,"[2301.8080932507, 2303.014555278369, 2301.92348470106, 2299.4800104999995, 2301.838541179336, 2302.8046634268762, 2303.224466260702]",-8.507344383755143e-05,-0.00013004783155535766,2289.0522611323663,2328.0518380449357,1.9334415692806033,-0.19931429526513966,2300.02447747601,2300.3251221599903,-0.261707219370237,-0.8926861277444555,4.360520119698939,1.327098257322632,-0.6849818316641176,-0.9504679273254624,2306.6712048667614,2289.2291243879654,51.67091147642217,49.805767796043604,0,0,0,0,0,0,0,0,0,0,0,0,0,100,0,100,0,0,0,0,0,0,0,0,0,0,0,0,0,0,0,0,0,0,0,0,0,0,0,0,100,0,0,0,0,0,0,0,0,0,0,0,0,0,0,0,0,0,0,0,0,0,4.0,5.0,,buy,False,True,False,0.0,2408.34,2288.34,2338.34,2343.34,"5.0,4.0,2343.34"
2024-05-06 23:00:00,2324.85,2328.67,2323.35,2323.4,2508,28,0,2286.589717502271,2306.907666666665,2327.2256158310593,2310.346810504166,0.442480999858617,2328.940705228033,2328.940705228033,2328.32794710172,0.9892942775923075,2328.3929603729603,0.2429836829846863,2328.209467754468,-0.18308080807992155,2322.8046386946407,0.9000699300704582,2321.9735353535366,0.9332867132861793,0.2146533185023145,0.2146533185023145,2314.5517997754146,2330.6729137420193,-0.00013988142100555945,-8.739190908788802e-05,,7.746644653564413,7.742571909080237,"[2301.8080932507, 2301.721086338663, 2301.548894216559, 2303.014555278369, 2301.57092044298, 2301.3817223375736, 2324.7701796418014, 2324.387985001421, 2301.92348470106, 2299.4800104999995, 2301.838541179336, 2302.8046634268762, 2303.224466260702]",0.0001403689233631582,0.0001907650794407962,2267.8882127257466,2317.5500529165975,-2.554829636218983,-3.353643816597014,2322.2650190963423,2316.796047073377,4.800992390680676,4.87506440566675,2.002911719794062,0.2146533185023145,1.4089677419378859,1.3442617723376316,2332.9465286676214,2324.9348817884447,65.52875728631147,69.26356114737696,0,0,0,0,0,100,0,0,0,0,0,0,0,0,0,0,0,0,0,0,0,0,0,0,0,0,0,0,0,0,0,0,0,0,0,0,0,0,0,0,0,0,0,0,0,0,0,0,0,0,0,0,0,0,0,0,0,0,0,0,0,0,4.0,5.0,,sell,False,False,True,1.0,2223.4,2343.4,2293.4,2288.4,"5.0,4.0,2288.4"
2024-05-07 04:00:00,2329.18,2329.88,2322.39,2322.74,10221,27,0,2286.1135421997465,2308.4149999999986,2330.7164578002507,2312.3153046620696,0.3533795029807152,2330.6897360029643,2330.6897360029643,2330.356338895069,0.4190070448644292,2327.7976456876468,0.7162587412585708,2327.3647163947185,-0.029875679875658534,2323.9644988345003,-0.5538811188771433,2324.095963480963,0.15038461538506454,0.06988579903418213,0.06988579903418213,2307.3778361529626,2329.8589810718204,-5.505501477359761e-05,6.412204993416223e-05,,7.746751905625567,7.742571909080237,"[2301.8080932507, 2301.721086338663, 2301.548894216559, 2303.014555278369, 2301.57092044298, 2301.3817223375736, 2324.7701796418014, 2324.387985001421, 2325.0477421048076, 2324.65172471702, 2301.92348470106, 2299.4800104999995, 2301.838541179336, 2302.8046634268762, 2303.224466260702]",0.00020954643606340816,0.0003763147488697455,2262.36666746083,2312.4027920271587,-0.6815077060450676,0.48268700405469644,2324.0615176145634,2319.2518421198924,4.160603253924364,4.645917483864263,2.041154697750785,0.06988579903418213,0.8604197256208863,0.3267156099377644,2334.7720453984657,2326.607426607463,65.39120502569862,67.3988025334241,0,0,0,0,0,0,0,0,0,0,0,0,0,0,0,-100,0,0,0,0,0,0,0,0,0,0,0,0,0,0,0,0,0,0,0,0,0,0,0,0,-100,0,0,0,0,0,0,0,0,0,0,0,0,0,0,0,0,0,0,0,0,0,4.0,5.0,,sell,False,False,True,1.0,2222.74,2342.74,2292.74,2287.74,"5.0,4.0,2287.74"
2024-05-07 07:00:00,2324.84,2325.01,2321.34,2322.61,4255,27,0,2287.5778778695103,2309.814333333331,2332.0507887971517,2313.331425432927,0.31452795142604373,2329.9899940674813,2329.9899940674813,2330.217364973428,-0.2332473118276539,2326.370932400934,-0.6869813519774652,2326.911806526807,-0.4755710955705581,2322.2904079254067,-0.4762121212133934,2322.787385392385,-0.5580303030310461,-0.3532243233225927,-0.3532243233225927,2301.252848155305,2324.988132490509,3.727415745010692e-05,0.00010492872903300987,,7.7469664743125755,7.742571909080237,"[2301.8080932507, 2301.721086338663, 2301.548894216559, 2303.014555278369, 2301.57092044298, 2301.3817223375736, 2324.7701796418014, 2324.387985001421, 2325.0477421048076, 2324.65172471702, 2324.4537413184494, 2301.92348470106, 2324.2557747815126, 2299.4800104999995, 2301.838541179336, 2302.8046634268762, 2303.224466260702]",0.00020952223771003153,0.0004565371476328859,2262.3345191147473,2313.857631055769,0.3397935165476156,0.484563411315321,2323.6562949226145,2320.0260078810807,3.0675383607881486,4.007228745647926,2.5688876831648964,-0.3532243233225927,0.024335928807886376,-0.3708535409682554,2335.127769433811,2324.8522187011517,42.99280595718293,48.57262525285454,0,0,0,0,0,0,0,0,0,0,0,0,0,0,0,0,0,0,0,0,0,0,0,0,0,0,0,0,0,0,0,0,0,0,0,0,0,0,0,0,0,0,0,0,0,0,0,0,0,0,0,0,0,0,0,0,0,0,0,0,0,0,4.0,5.0,,sell,False,False,True,1.0,2222.61,2342.61,2292.61,2287.61,"5.0,4.0,2287.61"
2024-05-07 21:00:00,2314.0,2315.27,2312.85,2314.39,4672,27,0,2291.184410342857,2312.671333333331,2334.158256323805,2314.192274494779,0.006702559498990013,2313.926628846866,2313.926628846866,2314.8389370905957,-0.9571269311586548,2317.547389277388,-0.6701864801848387,2318.032117327117,-0.42038073038065704,2311.9092773892776,0.5379254079221027,2311.544129759132,0.25452602952645975,-0.9168179458674786,-0.9168179458674786,2280.1523956752967,2315.250876425513,0.0003107822118158466,0.0004106453728386438,,7.748557385716609,7.749192066647862,"[2314.3789148140836, 2322.8704810280883, 2323.8598922867964, 2324.7701796418014, 2324.387985001421, 2325.0477421048076, 2324.65172471702, 2324.4537413184494, 2324.2557747815126, 2323.4640772213843, 2323.266194971078, 2323.0683295737913, 2322.6726493325345, 2322.4748344856944, 2322.2770364861326, 2301.721086338663, 2301.548894216559, 2301.57092044298, 2301.3817223375736, 2301.92348470106, 2301.838541179336, 2303.224466260702, 2299.4800104999995, 2301.8080932507, 2302.8046634268762, 2303.014555278369]",0.00020109502326707564,0.0002959862402500958,2276.9294204184507,2321.1307849649384,0.6738604087054227,0.9874469598807991,2315.7302880648353,2316.943016767661,-1.2241185945504185,-0.5025176452907344,1.9642501295689778,-0.9168179458674786,-0.9032888394508518,-1.0512740081571792,2317.855129106004,2309.9981285877284,25.990048859145855,24.957903604539897,100,0,0,0,0,0,0,0,0,0,0,0,0,0,0,0,0,0,0,100,0,0,0,0,0,0,0,0,0,0,100,0,0,0,0,0,0,0,0,100,0,0,0,0,0,0,0,100,0,0,0,100,100,0,0,0,0,0,0,0,0,0,4.0,5.0,,buy,True,True,False,0.0,2414.39,2294.39,2344.39,2349.39,"5.0,4.0,2349.39"
2024-05-08 01:00:00,2313.43,2316.74,2313.18,2314.43,1602,27,0,2292.543344859328,2313.3214999999973,2334.0996551406665,2314.1916142032296,0.008080874466941168,2312.422808305524,2312.422808305524,2312.927599307873,-0.5012735137806885,2316.452389277386,-0.2788811188834188,2316.7884654234654,-0.3650000000006912,2312.5240909090926,0.2669463869469837,2312.346262626265,0.20493783993879333,-0.5773941416373418,-0.5773941416373418,2282.277581786217,2316.723083515991,0.0003108034643358847,0.0004527146779740823,,7.748690614203362,7.749458523621368,"[2314.3789148140836, 2314.181806318965, 2322.8704810280883, 2323.8598922867964, 2324.7701796418014, 2324.387985001421, 2325.0477421048076, 2324.65172471702, 2324.4537413184494, 2324.2557747815126, 2323.4640772213843, 2323.266194971078, 2323.0683295737913, 2322.6726493325345, 2322.4748344856944, 2322.2770364861326, 2301.721086338663, 2301.548894216559, 2301.57092044298, 2301.3817223375736, 2301.92348470106, 2301.838541179336, 2303.224466260702, 2299.4800104999995, 2301.8080932507, 2302.8046634268762, 2303.014555278369]",0.00010999012768215425,0.00029058190241978564,2278.918317899513,2326.8209054445642,0.6623853394835351,1.9041588088539356,2315.120115345606,2316.3741846768635,-1.2211162983735449,-0.8586199964213759,0.7269112738703741,-0.5773941416373418,-0.35958472377069484,-0.5668416759340289,2313.876630853265,2310.9689857577832,31.221170186937755,31.33374326450684,0,0,0,0,0,0,0,0,0,0,0,0,0,0,0,0,0,0,0,0,0,0,0,0,0,0,0,0,0,0,0,-100,0,0,0,0,0,0,0,0,0,0,0,0,0,0,0,0,0,0,0,0,0,0,0,0,0,0,0,0,0,0,4.0,5.0,,buy,False,True,False,0.0,2414.43,2294.43,2344.43,2349.43,"5.0,4.0,2349.43"
2024-05-08 05:00:00,2307.69,2317.4,2307.26,2317.07,8685,27,0,2294.625710530679,2314.2209999999973,2333.8162894693155,2314.1055630014284,0.10048938978206934,2311.260998146089,2311.260998146089,2311.38141243357,-0.3084014336918699,2315.3068531468502,0.7705710955683571,2315.0816239316227,-0.19389665889639218,2310.4318181818203,-0.9662937062912533,2311.6801981352,-0.8406721056721835,0.3204390063037863,0.3204390063037863,2277.8387999551974,2317.951690964344,0.0004137066553736778,0.00047643093810070526,,7.747495198721012,7.749066370986735,"[2314.3789148140836, 2314.181806318965, 2322.8704810280883, 2323.8598922867964, 2324.7701796418014, 2324.387985001421, 2325.0477421048076, 2324.65172471702, 2324.4537413184494, 2324.2557747815126, 2323.4640772213843, 2323.266194971078, 2323.0683295737913, 2322.6726493325345, 2322.4748344856944, 2322.2770364861326, 2301.721086338663, 2301.548894216559, 2301.57092044298, 2301.3817223375736, 2301.92348470106, 2301.838541179336, 2303.224466260702, 2299.4800104999995, 2301.8080932507, 2302.8046634268762, 2303.014555278369]",-1.5421370193689166e-05,0.0002270109090650542,2280.5909238214676,2332.594538390302,0.5064408704884045,1.1332258683955843,2314.34560935454,2315.6143193871,-1.191949991916772,-1.0961202791372986,2.6881804786496724,0.3204390063037863,-1.0021208750490587,-0.24352243233079207,2316.6373591033885,2305.88463718879,32.31485617903231,30.237931482701303,0,0,0,0,100,0,0,0,0,0,0,0,0,0,0,100,0,0,0,0,0,0,0,0,0,0,0,0,0,0,0,0,0,0,0,0,0,0,0,0,100,0,0,0,0,0,0,0,0,0,0,0,0,0,0,0,0,0,0,0,0,0,4.0,5.0,,buy,False,True,False,0.0,2417.07,2297.07,2347.07,2352.07,"5.0,4.0,2352.07"
2024-05-08 13:00:00,2310.73,2317.04,2310.63,2315.42,6059,27,0,2301.567439131777,2316.3264999999974,2331.0855608682177,2313.9020436655255,0.05145614693128664,2311.8242632554693,2311.8242632554693,2311.512440242245,-0.11096724755861942,2314.924370629372,0.29594405594525597,2315.214191919192,-1.1139704739689478,2308.8251631701605,0.09793706293567084,2309.129965034965,-1.1100194250202549,0.5883826473868794,0.5883826473868794,2274.273923159211,2317.017700010134,0.000625702529703132,0.00056804978081214,,7.746970283151905,7.747893707770485,"[2314.3789148140836, 2314.181806318965, 2314.4670618215496, 2314.390350136136, 2314.499221738386, 2322.8704810280883, 2323.8598922867964, 2324.7701796418014, 2324.387985001421, 2325.0477421048076, 2324.65172471702, 2324.4537413184494, 2324.2557747815126, 2323.4640772213843, 2323.266194971078, 2323.0683295737913, 2322.6726493325345, 2322.4748344856944, 2322.2770364861326, 2301.721086338663, 2301.548894216559, 2301.57092044298, 2301.3817223375736, 2301.92348470106, 2301.838541179336, 2303.224466260702, 2299.4800104999995, 2301.8080932507, 2302.8046634268762, 2303.014555278369]",-8.396605119785066e-05,9.559074105143236e-05,2292.7702284892734,2333.6265094010673,0.21963716747541184,-0.1960657356498814,2313.0810633807946,2314.416855176859,-1.210777632339159,-1.0855845565388884,5.019490583153123,0.5883826473868794,-0.24129625509795005,-0.6799881349647876,2321.8632444217756,2301.785282089163,42.66365688487519,29.59617466543186,0,0,0,0,0,0,0,0,0,0,0,0,0,100,0,0,0,0,0,0,0,0,0,0,0,0,0,0,0,0,0,0,0,0,0,0,0,0,0,0,0,0,0,0,0,0,0,0,0,0,0,0,0,0,0,0,0,0,0,0,0,0,4.0,5.0,,buy,True,True,False,0.0,2415.42,2295.42,2345.42,2350.42,"5.0,4.0,2350.42"
2024-05-08 17:00:00,2309.98,2317.68,2308.97,2315.42,10752,27,0,2306.0355223316874,2317.341499999998,2328.647477668309,2313.8648371906725,0.05271738336705312,2312.8911872450876,2312.8911872450876,2312.6464488938327,0.21639377085602973,2316.032389277387,0.33329836829761916,2315.9282167832152,0.2119425019427581,2308.232517482519,-0.9105944055945656,2309.3450738150777,-0.4821017871013282,0.4638405635905656,0.4638405635905656,2285.365104810501,2318.8424360297004,0.0005018890539874939,0.0006034062704129371,,7.746970283151905,7.747893707770485,"[2314.3789148140836, 2314.181806318965, 2314.4670618215496, 2314.390350136136, 2314.499221738386, 2314.5343915373473, 2314.6490354640214, 2322.8704810280883, 2323.8598922867964, 2324.7701796418014, 2324.387985001421, 2325.0477421048076, 2324.65172471702, 2324.4537413184494, 2324.2557747815126, 2323.4640772213843, 2323.266194971078, 2323.0683295737913, 2322.6726493325345, 2322.4748344856944, 2322.2770364861326, 2301.721086338663, 2301.548894216559, 2301.57092044298, 2301.3817223375736, 2301.92348470106, 2301.838541179336, 2303.224466260702, 2299.4800104999995, 2301.8080932507, 2302.8046634268762, 2303.014555278369]",-8.397879580414701e-05,6.474187980837823e-05,2296.851760906406,2332.8429858329123,3.4243042719690493,-0.19618455413092306,2313.3274909477336,2314.1991816089844,-0.7665284765712386,-0.971968554218566,3.8828514926988453,0.4638405635905656,-0.1934660734150384,0.3788068223930168,2320.6568902304853,2305.12548425969,54.740406320541375,57.217205919237074,0,0,0,0,0,0,0,0,0,0,0,0,0,0,0,0,0,0,0,0,0,0,0,0,0,0,0,0,0,0,0,0,0,0,0,0,0,0,0,0,0,0,0,0,0,0,0,0,0,0,0,0,0,0,0,0,0,0,0,0,0,0,4.0,5.0,,buy,True,True,False,0.0,2415.42,2295.42,2345.42,2350.42,"5.0,4.0,2350.42"
2024-05-09 08:00:00,2314.48,2319.7,2314.39,2316.53,5973,27,0,2304.943949474844,2316.243333333332,2327.54271719182,2313.2103236459243,0.11253140183316646,2311.4568950685943,2311.4568950685943,2311.012500556174,0.2722877271030484,2313.8597202797205,2.637342657341833,2311.6914840714853,1.3537140637131415,2310.1097902097913,1.8901748251751087,2308.573018648021,0.8241802641805407,0.5436863181303124,0.5436863181303124,2304.5402246089284,2368.936942179077,0.00021250904498904425,0.00014178098627473423,,7.746574179656278,7.746550634744317,"[2314.3789148140836, 2314.181806318965, 2314.4670618215496, 2314.390350136136, 2314.499221738386, 2314.5343915373473, 2314.6490354640214, 2314.5310274499884, 2322.8704810280883, 2323.8598922867964, 2324.7701796418014, 2324.387985001421, 2325.0477421048076, 2324.65172471702, 2324.4537413184494, 2324.2557747815126, 2323.4640772213843, 2323.266194971078, 2323.0683295737913, 2322.6726493325345, 2322.4748344856944, 2322.2770364861326, 2301.721086338663, 2301.548894216559, 2301.57092044298, 2301.3817223375736, 2301.92348470106, 2301.838541179336, 2303.224466260702, 2299.4800104999995, 2301.8080932507, 2302.8046634268762, 2303.014555278369]",-8.738177281663483e-05,-0.00014494843507174143,2314.028736503327,2330.1120879271402,-0.3352775535836372,-0.27311241496045113,2312.374784041198,2312.8018374473904,-0.33451114620038425,-0.8747410052250852,2.7923313352438512,0.5436863181303124,0.24581090100218717,0.027365962176645553,2317.0415577390822,2305.8722323981065,51.87512473926292,39.264687440942396,0,0,0,0,0,0,0,0,0,0,0,0,-100,100,0,0,0,0,0,0,0,0,0,0,0,0,0,0,0,0,0,0,0,0,0,0,0,0,0,0,0,0,0,0,0,0,0,0,0,0,0,0,0,0,0,0,0,0,0,0,0,0,4.0,5.0,,buy,False,True,False,0.0,2416.53,2296.53,2346.53,2351.53,"5.0,4.0,2351.53"
2024-05-09 11:00:00,2309.28,2313.3,2308.98,2310.33,6087,27,0,2304.772363476004,2315.557666666665,2326.3429698573264,2313.02161467293,-0.09124117535338883,2310.809828698554,2310.809828698554,2311.315036460265,-0.21568879001324603,2316.003240093239,0.012599067601513525,2315.7978010878,0.7145066045059139,2310.9237296037295,-0.2818298368310934,2311.241678321679,0.27131313131303614,-0.5816358917318212,-0.5816358917318212,2306.009885445412,2382.1717242206796,0.00021251534136693692,-6.405545020718789e-05,,7.746294123269104,7.746046858533325,"[2309.815637081536, 2314.3789148140836, 2314.181806318965, 2314.4670618215496, 2314.390350136136, 2314.499221738386, 2314.5343915373473, 2314.6490354640214, 2314.5310274499884, 2322.8704810280883, 2323.8598922867964, 2324.7701796418014, 2324.387985001421, 2325.0477421048076, 2324.65172471702, 2324.4537413184494, 2324.2557747815126, 2323.4640772213843, 2323.266194971078, 2323.0683295737913, 2322.6726493325345, 2322.4748344856944, 2322.2770364861326, 2301.721086338663, 2301.548894216559, 2301.57092044298, 2301.3817223375736, 2301.92348470106, 2301.838541179336, 2303.224466260702, 2314.4130254523716, 2299.4800104999995, 2301.8080932507, 2302.8046634268762, 2303.014555278369]",-8.739538596989732e-05,-0.00014494336399594317,2313.023277826766,2329.5034157906875,-0.33588448984301067,-0.20173221778804873,2311.858578770521,2312.4660290664774,-0.5089741600054367,-0.6372129615427851,2.6442862931375797,-0.5816358917318212,-0.35235150166772655,0.2869210233593549,2316.0984012848294,2305.521256112279,29.221995494033504,42.69483134622891,0,0,0,0,0,0,0,0,0,0,0,0,0,0,0,0,0,0,0,0,0,0,0,0,0,0,0,0,0,0,0,0,0,0,0,0,0,0,0,0,0,0,0,0,0,0,0,0,0,0,0,0,0,0,0,0,0,0,0,0,0,0,4.0,5.0,,buy,False,True,False,0.0,2410.33,2290.33,2340.33,2345.33,"5.0,4.0,2345.33"
2024-05-09 13:00:00,2307.54,2312.83,2307.24,2311.68,5439,27,0,2304.6804594895293,2315.0251666666654,2325.3698738438015,2312.8037948606475,-0.038094741039003566,2310.6096751946593,2310.6096751946593,2310.61811074033,-0.26059646520889146,2314.835850815852,-0.42620046619686036,2315.367047397047,-0.384930069928032,2309.242738927739,-0.7002331002308892,2310.0364801864803,-0.6542735042739878,0.17484686688521833,0.17484686688521833,2307.2399999999993,2388.4402407006746,0.00020108647325416018,-0.00018388519173391884,,7.7461933415046875,7.746046858533325,"[2309.815637081536, 2314.3789148140836, 2314.181806318965, 2314.4670618215496, 2314.390350136136, 2314.499221738386, 2314.5343915373473, 2314.6490354640214, 2314.5310274499884, 2322.8704810280883, 2323.8598922867964, 2324.7701796418014, 2324.387985001421, 2325.0477421048076, 2324.65172471702, 2324.4537413184494, 2324.2557747815126, 2323.4640772213843, 2323.266194971078, 2323.0683295737913, 2322.6726493325345, 2322.4748344856944, 2322.2770364861326, 2301.721086338663, 2301.548894216559, 2301.57092044298, 2301.3817223375736, 2301.92348470106, 2301.838541179336, 2303.224466260702, 2314.4130254523716, 2299.4800104999995, 2301.8080932507, 2302.8046634268762, 2303.014555278369]",-8.739190908788802e-05,-0.00013988142100555945,2312.0453787225497,2329.09578219952,-0.6427826024046226,-0.2035325913793713,2311.268923261734,2312.069942615293,-0.6883175385000868,-0.6714264685909065,2.962920554851323,0.17484686688521833,-0.37500037078007153,-0.5816358917318212,2316.535516304362,2304.6838340849567,23.585364648934302,22.788297148740337,0,0,0,0,0,0,0,0,0,0,0,0,0,100,0,0,0,0,0,0,0,0,0,0,0,0,0,0,0,0,0,0,0,0,0,0,0,0,0,0,100,0,0,0,0,0,0,0,0,0,0,0,0,0,0,0,0,0,0,0,0,0,4.0,5.0,,buy,True,True,False,0.0,2411.68,2291.68,2341.68,2346.68,"5.0,4.0,2346.68"
2024-05-09 14:00:00,2311.66,2316.64,2310.94,2315.9,6277,27,0,2304.784553326563,2314.9001666666654,2325.0157800067677,2312.9053097832493,0.10151492260183659,2311.4583974786797,2311.4583974786797,2310.834300333705,0.2161895933750202,2315.2193939393915,0.38354312353931164,2315.105765345764,-0.26128205128270565,2309.4962004661993,0.2534615384602148,2309.560637140637,-0.47584304584324855,0.8487222840203685,0.8487222840203685,2310.9400000000005,2390.605349000808,0.0001769526627837904,-0.00023342924735336368,,7.7461933415046875,7.746046858533325,"[2309.815637081536, 2314.3789148140836, 2314.181806318965, 2314.4670618215496, 2314.390350136136, 2314.499221738386, 2314.5343915373473, 2314.6490354640214, 2314.5310274499884, 2322.8704810280883, 2323.8598922867964, 2324.7701796418014, 2324.387985001421, 2325.0477421048076, 2324.65172471702, 2324.4537413184494, 2324.2557747815126, 2323.4640772213843, 2323.266194971078, 2323.0683295737913, 2322.6726493325345, 2322.4748344856944, 2322.2770364861326, 2301.721086338663, 2301.548894216559, 2301.57092044298, 2301.3817223375736, 2301.92348470106, 2301.838541179336, 2303.224466260702, 2314.4130254523716, 2299.4800104999995, 2301.8080932507, 2302.8046634268762, 2303.014555278369]",-8.777311386697878e-05,-0.00012349919547514828,2310.7652581991188,2328.9093236296626,-1.2801205234309236,-0.18645856985722276,2311.981396606083,2312.3536505697157,-0.29126493006606324,-0.5953941608859379,3.266854100562702,0.8487222840203685,0.17484686688521833,-0.37500037078007153,2317.9921056798053,2304.924689277554,39.44444444444471,26.19578013221074,0,0,0,0,0,0,0,0,0,0,0,0,0,0,0,0,0,0,0,0,0,0,0,0,0,0,0,0,0,0,0,200,0,0,0,0,0,0,0,0,100,0,0,0,0,0,0,0,0,0,0,0,0,0,0,0,0,0,0,0,0,0,4.0,5.0,,buy,True,True,False,0.0,2415.9,2295.9,2345.9,2350.9,"5.0,4.0,2350.9"
2024-05-09 15:00:00,2315.84,2329.24,2314.52,2326.61,13048,27,0,2304.7937114215647,2314.897666666665,2325.001621911765,2313.3546438887165,0.44933410546718733,2313.5241646273616,2313.5241646273616,2311.864079100234,1.0297787665290343,2318.680780885782,3.4613869463905758,2316.245341880342,1.1395765345778273,2310.5538111888113,1.0576107226120257,2309.7642501942505,0.2036130536134806,2.065767148681971,2.065767148681971,2311.6664388742875,2392.07269165291,0.00017456061004857002,-0.00027376431343987986,,7.748074125409769,7.747756342773657,"[2309.815637081536, 2314.3789148140836, 2314.181806318965, 2314.4670618215496, 2314.390350136136, 2314.499221738386, 2314.5343915373473, 2314.6490354640214, 2314.5310274499884, 2322.8704810280883, 2323.8598922867964, 2324.7701796418014, 2324.387985001421, 2325.0477421048076, 2324.65172471702, 2324.4537413184494, 2324.2557747815126, 2323.4640772213843, 2323.266194971078, 2323.0683295737913, 2322.6726493325345, 2322.4748344856944, 2322.2770364861326, 2301.721086338663, 2301.548894216559, 2301.57092044298, 2301.3817223375736, 2301.92348470106, 2301.838541179336, 2303.224466260702, 2314.4130254523716, 2299.4800104999995, 2301.8080932507, 2302.8046634268762, 2303.014555278369]",-4.659415221718817e-06,-0.00010297439213817372,2309.328984138372,2329.7962538216007,-1.4362740607466549,0.8869301919380632,2314.231950974378,2313.4096764534406,0.8123023611769895,-0.3138548564733524,5.997922110443207,2.065767148681971,0.8487222840203685,0.17484686688521833,2325.520008848248,2301.5283204064754,66.29634071586658,43.10871660308189,0,0,0,0,0,0,0,0,0,0,0,0,0,0,0,0,0,0,0,0,0,0,0,0,0,0,0,0,0,0,0,0,0,0,0,0,0,0,0,0,0,0,0,0,0,0,0,0,0,0,0,0,0,0,0,0,0,0,0,0,0,0,4.0,5.0,,buy,True,True,False,0.0,2426.61,2306.61,2356.61,2361.61,"5.0,4.0,2361.61"
2024-05-09 17:00:00,2324.28,2338.69,2323.25,2333.22,19228,27,0,2304.515199568624,2314.9378333333316,2325.360467098039,2314.353065137496,0.639557113983301,2317.1021868743064,2317.1021868743064,2315.233611914473,1.8812631318755848,2326.0561538461557,4.971468531471146,2321.940540015541,3.612253302254885,2313.874254079256,2.9855594405594275,2311.772253302255,1.4593512043520604,2.027702632556611,2.027702632556611,2323.250000000001,2393.3471518970355,8.118505760117847e-05,-0.0003306154535310594,,7.750098580127386,7.749780797491274,"[2309.815637081536, 2314.3789148140836, 2314.181806318965, 2314.4670618215496, 2314.390350136136, 2314.499221738386, 2314.5343915373473, 2314.6490354640214, 2314.5310274499884, 2322.8704810280883, 2323.8598922867964, 2324.7701796418014, 2324.387985001421, 2325.0477421048076, 2324.65172471702, 2324.4537413184494, 2324.2557747815126, 2323.4640772213843, 2323.266194971078, 2323.0683295737913, 2322.6726493325345, 2322.4748344856944, 2322.2770364861326, 2301.721086338663, 2301.548894216559, 2301.57092044298, 2301.3817223375736, 2301.92348470106, 2301.838541179336, 2303.224466260702, 2314.4130254523716, 2314.5268956470004, 2299.4800104999995, 2301.8080932507, 2302.8046634268762, 2303.014555278369]",6.412204993416223e-05,-5.505501477359761e-05,2306.392907096206,2331.017830673484,-1.7063778582664781,1.2341287357471629,2318.463822886981,2315.6240435986288,2.6593523008518787,0.5695321311646259,9.491634568704077,2.027702632556611,1.5503196143881723,2.065767148681971,2336.0854560117145,2298.1189177368983,83.23926237219005,76.28106361297257,0,0,0,0,100,0,0,0,0,0,0,0,0,0,0,0,0,0,0,0,0,0,0,0,0,0,0,0,0,0,0,0,0,0,0,0,0,0,0,0,0,0,0,0,0,0,0,0,0,0,0,0,0,0,0,0,0,0,0,0,0,0,4.0,5.0,,buy,True,True,False,0.0,2433.22,2313.22,2363.22,2368.22,"5.0,4.0,2368.22"
2024-05-10 19:00:00,2364.75,2369.87,2361.63,2368.21,9572,27,0,2286.0495122369757,2331.0168333333318,2375.984154429688,2338.9278967553014,0.992613669311595,2375.3493177604732,2375.3493177604732,2375.22686367569,0.0630826844630974,2373.1455710955715,-1.9383216783216994,2375.274941724943,-1.6285198135196879,2362.38231934732,-1.2645454545454413,2364.091095571097,-2.015345765345046,0.09722432332137032,0.09722432332137032,2344.597599481697,2376.2409787615097,-0.0002427432099151857,-0.00014720516737131776,,7.764190160878971,7.758826478255706,"[2309.815637081536, 2310.010490907665, 2310.072423996128, 2310.126505607768, 2310.416289399215, 2314.3789148140836, 2314.181806318965, 2314.4670618215496, 2314.390350136136, 2314.499221738386, 2314.5343915373473, 2314.6490354640214, 2314.5310274499884, 2322.8704810280883, 2323.8598922867964, 2324.7701796418014, 2324.387985001421, 2325.0477421048076, 2324.65172471702, 2324.4537413184494, 2324.2557747815126, 2323.4640772213843, 2323.266194971078, 2323.0683295737913, 2311.376127306411, 2322.6726493325345, 2322.4748344856944, 2322.2770364861326, 2347.160328468761, 2301.721086338663, 2301.548894216559, 2301.57092044298, 2301.3817223375736, 2301.92348470106, 2301.838541179336, 2367.6957611324938, 2303.224466260702, 2310.542907729889, 2310.853443932801, 2310.942166099575, 2314.4130254523716, 2314.5268956470004, 2314.589654799358, 2314.6212381813343, 2314.6789815720167, 2314.6111305948043, 2314.68216380194, 2314.5077150193597, 2314.5185688534075, 2314.4494956164913, 2311.1882403384416, 2311.034775643443, 2299.4800104999995, 2301.8080932507, 2302.8046634268762, 2303.014555278369]",0.0004760593898916482,0.0004539992960470914,2284.0713961180463,2327.674908002686,-1.099808830494112,1.1283105338743553,2363.9355624568952,2354.2776035303073,8.320621495984142,9.503043130678462,4.752774941366567,0.09722432332137032,0.17291360770923347,-0.08088987764131161,2384.8548676432065,2365.84376787774,55.040445063821544,55.41278303396347,0,0,0,0,0,0,0,0,0,0,0,0,0,0,0,0,0,0,0,0,0,0,0,0,0,0,0,0,0,0,0,0,0,0,0,0,0,0,0,0,0,0,0,0,0,0,0,0,0,0,0,0,0,0,0,0,0,0,0,0,0,0,4.0,5.0,,buy,True,True,False,0.0,2468.21,2348.21,2398.21,2403.21,"5.0,4.0,2403.21"
2024-05-10 21:00:00,2369.55,2370.88,2366.58,2367.25,5329,27,0,2286.059381657312,2332.6933333333313,2379.327285009351,2340.826624188445,0.89570765462895,2375.256767519466,2375.256767519466,2375.3644713879617,0.0015580274384774384,2370.5118181818198,-0.7486946386952695,2371.639300699303,-1.5240248640243408,2362.241235431235,-0.1782867132865249,2362.347692307693,-0.4685431235438955,-0.2305613644771256,-0.2305613644771256,2343.459605449859,2375.5414918326665,-0.0002427432099151857,-0.00014720516737131776,,7.764190160878971,7.758826478255706,"[2309.815637081536, 2310.010490907665, 2310.072423996128, 2310.126505607768, 2310.416289399215, 2314.3789148140836, 2314.181806318965, 2314.4670618215496, 2314.390350136136, 2314.499221738386, 2314.5343915373473, 2314.6490354640214, 2314.5310274499884, 2322.8704810280883, 2323.8598922867964, 2324.7701796418014, 2324.387985001421, 2325.0477421048076, 2324.65172471702, 2324.4537413184494, 2324.2557747815126, 2323.4640772213843, 2323.266194971078, 2323.0683295737913, 2311.376127306411, 2322.6726493325345, 2322.4748344856944, 2322.2770364861326, 2347.160328468761, 2301.721086338663, 2301.548894216559, 2301.57092044298, 2301.3817223375736, 2301.92348470106, 2301.838541179336, 2367.6957611324938, 2368.3952543490113, 2368.045481912978, 2303.224466260702, 2310.542907729889, 2310.853443932801, 2310.942166099575, 2314.4130254523716, 2314.5268956470004, 2314.589654799358, 2314.6212381813343, 2314.6789815720167, 2314.6111305948043, 2314.68216380194, 2314.5077150193597, 2314.5185688534075, 2314.4494956164913, 2311.1882403384416, 2311.034775643443, 2299.4800104999995, 2301.8080932507, 2302.8046634268762, 2303.014555278369]",0.0004760768166425381,0.0005489836168075963,2281.7570525671117,2329.8920521310188,-1.0121550551671135,1.1077043472241712,2365.172444125943,2356.2839536439537,7.603286096628381,8.893382584601184,3.4964510068460988,-0.2305613644771256,0.13801112346982336,0.09722432332137032,2382.2496695331583,2368.2638655057735,62.653508251956985,60.28114537354387,0,0,0,0,-100,0,0,0,0,0,0,0,0,0,0,0,0,0,0,0,0,0,0,0,0,0,0,0,0,0,0,0,0,0,0,0,0,0,0,0,0,0,0,0,0,0,0,0,0,0,0,-100,0,0,0,0,0,0,0,0,0,0,4.0,5.0,,sell,True,False,True,1.0,2267.25,2387.25,2337.25,2332.25,"5.0,4.0,2332.25"
2024-05-13 11:00:00,2348.43,2350.28,2341.53,2343.2,7141,27,0,2297.0385205554876,2341.9523333333323,2386.866146111177,2346.0271476385115,-0.09583551316973171,2355.93544456804,2355.93544456804,2358.6153941416396,-2.4925749598310176,2352.5562004662006,-1.7049883449867593,2354.253434343435,-1.6190637140634863,2346.8518298368303,-2.856911421909899,2349.3217560217577,-2.2053923853914057,-2.8390493140486797,-2.8390493140486797,2336.076095716473,2370.9998430430423,-0.0002427432099151857,-0.00014720516737131776,,7.763459866033378,7.76350214187686,"[2309.815637081536, 2310.010490907665, 2310.072423996128, 2310.126505607768, 2310.416289399215, 2314.3789148140836, 2314.181806318965, 2314.4670618215496, 2314.390350136136, 2314.499221738386, 2314.5343915373473, 2314.6490354640214, 2314.5310274499884, 2322.8704810280883, 2323.8598922867964, 2324.7701796418014, 2324.387985001421, 2325.0477421048076, 2324.65172471702, 2324.4537413184494, 2324.2557747815126, 2323.4640772213843, 2323.266194971078, 2323.0683295737913, 2311.376127306411, 2362.129710381348, 2322.6726493325345, 2322.4748344856944, 2322.2770364861326, 2347.160328468761, 2360.7747520265843, 2301.721086338663, 2301.548894216559, 2301.57092044298, 2301.3817223375736, 2301.92348470106, 2301.838541179336, 2367.6957611324938, 2368.3952543490113, 2368.045481912978, 2367.3460919999297, 2303.224466260702, 2367.1838786054664, 2367.217734011885, 2366.199253272723, 2360.4361338971084, 2310.542907729889, 2310.853443932801, 2310.942166099575, 2314.4130254523716, 2314.5268956470004, 2314.589654799358, 2314.6212381813343, 2314.6789815720167, 2314.6111305948043, 2314.68216380194, 2314.5077150193597, 2314.5185688534075, 2314.4494956164913, 2311.1882403384416, 2311.034775643443, 2365.859857078985, 2299.4800104999995, 2301.8080932507, 2302.8046634268762, 2303.014555278369]",0.0007161760900038565,0.00033510336981223526,2301.66695048104,2327.4040126071814,1.8377970597489366,-2.034200458031137,2354.1840528267853,2355.2629698621436,-1.3739969532271061,1.4688422436591067,5.565278679998491,-2.8390493140486797,-2.361750092699822,-2.2769254727445514,2367.066001928037,2344.804887208043,7.914688071375454,7.390465458629731,0,0,0,0,0,0,0,0,0,0,0,0,0,0,0,0,0,0,0,0,0,0,0,0,0,0,0,0,0,0,0,0,0,0,0,0,0,0,0,0,0,0,0,0,0,0,0,0,0,0,0,0,0,0,0,0,0,0,0,0,0,0,4.0,5.0,,sell,False,False,True,1.0,2243.2,2363.2,2313.2,2308.2,"5.0,4.0,2308.2"
2024-05-13 16:00:00,2347.03,2349.29,2340.24,2344.02,15092,27,0,2304.3913960589994,2344.8139999999985,2385.2366039409976,2345.693839250087,-0.05674031356238629,2344.7105591397844,2344.7105591397844,2346.2192549746646,-1.8166775429490372,2346.053496503496,0.4088811188807995,2345.746087801089,-0.31194250194266715,2338.3003496503484,-0.9550116550121857,2338.936184926186,-0.9913869463875926,-1.3822165368951573,-1.3822165368951573,2333.242482614772,2369.255367967496,-0.0002427432099151857,-0.00014720516737131776,,7.763422968278469,7.76568578072548,"[2309.815637081536, 2310.010490907665, 2310.072423996128, 2310.126505607768, 2310.416289399215, 2314.3789148140836, 2314.181806318965, 2314.4670618215496, 2314.390350136136, 2314.499221738386, 2314.5343915373473, 2314.6490354640214, 2314.5310274499884, 2322.8704810280883, 2323.8598922867964, 2324.7701796418014, 2324.387985001421, 2325.0477421048076, 2324.65172471702, 2324.4537413184494, 2324.2557747815126, 2323.4640772213843, 2323.266194971078, 2323.0683295737913, 2311.376127306411, 2362.129710381348, 2322.6726493325345, 2322.4748344856944, 2322.2770364861326, 2344.5757481885175, 2347.160328468761, 2360.7747520265843, 2301.721086338663, 2301.548894216559, 2301.57092044298, 2301.3817223375736, 2301.92348470106, 2301.838541179336, 2367.6957611324938, 2368.3952543490113, 2368.045481912978, 2367.3460919999297, 2303.224466260702, 2367.1838786054664, 2367.217734011885, 2366.199253272723, 2360.4361338971084, 2360.0975643373813, 2310.542907729889, 2310.853443932801, 2310.942166099575, 2314.4130254523716, 2314.5268956470004, 2314.589654799358, 2314.6212381813343, 2314.6789815720167, 2314.6111305948043, 2314.68216380194, 2314.5077150193597, 2314.5185688534075, 2314.4494956164913, 2311.1882403384416, 2311.034775643443, 2365.859857078985, 2299.4800104999995, 2301.8080932507, 2302.8046634268762, 2303.014555278369]",0.0004942022570055496,0.0002856365141572208,2305.701524626795,2348.8769565350676,0.6538426358424658,4.601302060963462,2348.49246264219,2351.6499907414545,-3.113453484553702,-1.4711922113370277,3.1342961730315877,-1.3822165368951573,-1.7616544308480115,-2.3061616611039426,2350.9791514858475,2338.4419667937213,26.213343577922927,21.74393326978256,0,0,0,0,-100,0,0,0,0,0,0,0,0,0,0,0,0,0,0,0,0,0,0,0,0,0,0,0,0,0,0,0,0,0,0,0,0,0,0,0,0,0,0,0,0,0,0,0,0,0,0,0,0,0,0,0,0,0,0,0,0,0,4.0,5.0,,sell,True,False,True,1.0,2244.02,2364.02,2314.02,2309.02,"5.0,4.0,2309.02"
2024-05-14 01:00:00,2336.11,2338.36,2335.67,2337.48,963,27,0,2315.956382971912,2348.220333333332,2380.484283694752,2343.7703109054933,-0.21323087815244435,2333.9723188728226,2333.9723188728226,2335.085267086888,-1.1556873068839195,2337.385944055946,-0.9496620046611497,2338.306954156956,-0.9041142191131257,2334.5720745920767,-0.2453379953349213,2334.827365967368,-0.12963092462996428,-1.1410952910637207,-1.1410952910637207,2328.7158491175833,2366.4668771468973,-0.0002427432099151857,-0.00014720516737131776,,7.761320962142872,7.76434758484139,"[2309.815637081536, 2310.010490907665, 2310.072423996128, 2310.126505607768, 2310.416289399215, 2314.3789148140836, 2314.181806318965, 2314.4670618215496, 2314.390350136136, 2314.499221738386, 2314.5343915373473, 2314.6490354640214, 2314.5310274499884, 2322.8704810280883, 2323.8598922867964, 2324.7701796418014, 2324.387985001421, 2325.0477421048076, 2324.65172471702, 2324.4537413184494, 2324.2557747815126, 2323.4640772213843, 2323.266194971078, 2323.0683295737913, 2311.376127306411, 2362.129710381348, 2336.5179765206262, 2336.8531634529627, 2322.6726493325345, 2322.4748344856944, 2322.2770364861326, 2343.9032071798024, 2344.5757481885175, 2344.2394535659214, 2347.160328468761, 2360.7747520265843, 2301.721086338663, 2301.548894216559, 2301.57092044298, 2301.3817223375736, 2301.92348470106, 2301.838541179336, 2367.6957611324938, 2368.3952543490113, 2368.045481912978, 2367.3460919999297, 2303.224466260702, 2367.1838786054664, 2367.217734011885, 2366.199253272723, 2360.4361338971084, 2360.0975643373813, 2310.542907729889, 2310.853443932801, 2310.942166099575, 2314.4130254523716, 2314.5268956470004, 2314.589654799358, 2314.6212381813343, 2314.6789815720167, 2314.6111305948043, 2314.68216380194, 2314.5077150193597, 2314.5185688534075, 2314.4494956164913, 2311.1882403384416, 2311.034775643443, 2365.859857078985, 2299.4800104999995, 2301.8080932507, 2302.8046634268762, 2303.014555278369]",-6.405545020718789e-05,0.00021251534136693692,2309.814351006797,2380.9883953366084,0.49107486572165726,2.742723906364972,2340.205744347998,2345.0945037251818,-4.474767007522132,-3.9198373402781868,2.535110239970685,-1.1410952910637207,-1.0566540600652843,-1.2693125695232084,2339.042539352764,2328.9020983928813,25.011250105548044,22.6632236967657,0,0,0,0,100,0,0,0,0,0,0,0,0,0,0,0,0,0,0,0,0,0,0,0,0,0,0,0,0,0,0,0,0,0,0,0,0,0,0,0,0,0,0,0,0,0,0,0,0,0,0,100,0,0,0,0,0,0,0,0,0,0,4.0,5.0,,buy,False,True,False,0.0,2437.48,2317.48,2367.48,2372.48,"5.0,4.0,2372.48"
2024-05-14 04:00:00,2336.3,2342.0,2336.26,2341.9,7372,27,0,2322.1722206840086,2349.670166666665,2377.1681126493213,2343.305573609506,-0.047646563034049905,2333.205546162403,2333.205546162403,2333.1046374984567,-0.25559090347269375,2338.0214685314686,1.2062937062919445,2337.2233527583544,0.2118414918409144,2335.2330419580426,0.7343356643377774,2334.8755827505834,0.2203224553218206,0.41401631442295184,0.41401631442295184,2327.0206265675592,2365.4220394139616,-0.0002427432099151857,-0.00014720516737131776,,7.760675377114515,7.76434758484139,"[2309.815637081536, 2310.010490907665, 2310.072423996128, 2310.126505607768, 2310.416289399215, 2314.3789148140836, 2314.181806318965, 2314.4670618215496, 2314.390350136136, 2314.499221738386, 2314.5343915373473, 2314.6490354640214, 2314.5310274499884, 2322.8704810280883, 2323.8598922867964, 2324.7701796418014, 2324.387985001421, 2325.0477421048076, 2324.65172471702, 2324.4537413184494, 2324.2557747815126, 2323.4640772213843, 2323.266194971078, 2323.0683295737913, 2336.898364090898, 2311.376127306411, 2362.129710381348, 2336.5179765206262, 2336.8531634529627, 2322.6726493325345, 2322.4748344856944, 2322.2770364861326, 2336.6847825977297, 2343.9032071798024, 2344.5757481885175, 2344.2394535659214, 2347.160328468761, 2360.7747520265843, 2301.721086338663, 2301.548894216559, 2301.57092044298, 2301.3817223375736, 2301.92348470106, 2301.838541179336, 2367.6957611324938, 2368.3952543490113, 2368.045481912978, 2367.3460919999297, 2303.224466260702, 2367.1838786054664, 2367.217734011885, 2366.199253272723, 2360.4361338971084, 2360.0975643373813, 2310.542907729889, 2310.853443932801, 2310.942166099575, 2314.4130254523716, 2314.5268956470004, 2314.589654799358, 2314.6212381813343, 2314.6789815720167, 2314.6111305948043, 2314.68216380194, 2314.5077150193597, 2314.5185688534075, 2314.4494956164913, 2311.1882403384416, 2311.034775643443, 2365.859857078985, 2299.4800104999995, 2301.8080932507, 2302.8046634268762, 2303.014555278369]",-0.00023342924735336368,0.0001769526627837904,2314.1149280791965,2386.2796141390945,3.2735290370183066,1.2435207764806364,2339.753247941368,2343.8259320584243,-3.658923685039099,-3.952621368165653,1.9044979654051288,0.41401631442295184,-0.5253066370028137,-0.6554823878395837,2337.0145420932135,2329.3965502315928,38.21138211382197,32.24602132476608,0,0,0,0,100,0,0,0,0,0,0,0,0,100,0,100,0,0,0,0,0,0,0,0,0,0,0,0,0,0,0,0,0,0,0,0,0,0,0,0,100,0,0,0,0,0,0,0,0,0,0,0,0,0,0,0,0,0,0,0,0,0,4.0,5.0,,buy,False,True,False,0.0,2441.9,2321.9,2371.9,2376.9,"5.0,4.0,2376.9"
2024-05-14 07:00:00,2343.03,2344.77,2342.48,2343.95,2453,27,0,2326.0120469700005,2350.6799999999994,2375.3479530299983,2343.2294981621667,0.024423791112894833,2334.534568780125,2334.534568780125,2333.9926313187498,0.4430075392406252,2343.2105827505825,1.655606060606715,2341.595823620824,1.72970473970463,2339.4862587412576,1.2029254079252496,2338.1695415695417,1.4177389277379007,0.5579784946212385,0.5579784946212385,2325.326638079432,2364.3776629956965,-0.0002427432099151857,-0.00014720516737131776,,7.760791566227596,7.763779644384618,"[2309.815637081536, 2310.010490907665, 2310.072423996128, 2310.126505607768, 2310.416289399215, 2314.3789148140836, 2314.181806318965, 2314.4670618215496, 2314.390350136136, 2314.499221738386, 2314.5343915373473, 2314.6490354640214, 2314.5310274499884, 2322.8704810280883, 2323.8598922867964, 2324.7701796418014, 2324.387985001421, 2325.0477421048076, 2324.65172471702, 2324.4537413184494, 2324.2557747815126, 2323.4640772213843, 2323.266194971078, 2323.0683295737913, 2336.898364090898, 2336.798820306443, 2311.376127306411, 2362.129710381348, 2336.5179765206262, 2336.8531634529627, 2322.6726493325345, 2322.4748344856944, 2322.2770364861326, 2336.6847825977297, 2343.9032071798024, 2344.5757481885175, 2344.2394535659214, 2336.8254201738055, 2347.160328468761, 2360.7747520265843, 2301.721086338663, 2301.548894216559, 2301.57092044298, 2301.3817223375736, 2301.92348470106, 2301.838541179336, 2367.6957611324938, 2368.3952543490113, 2368.045481912978, 2367.3460919999297, 2303.224466260702, 2367.1838786054664, 2367.217734011885, 2366.199253272723, 2360.4361338971084, 2360.0975643373813, 2310.542907729889, 2310.853443932801, 2310.942166099575, 2314.4130254523716, 2314.5268956470004, 2314.589654799358, 2314.6212381813343, 2314.6789815720167, 2314.6111305948043, 2314.68216380194, 2314.5077150193597, 2314.5185688534075, 2314.4494956164913, 2311.1882403384416, 2311.034775643443, 2365.859857078985, 2299.4800104999995, 2301.8080932507, 2302.8046634268762, 2303.014555278369]",-0.0003306154535310594,8.118505760117847e-05,2324.714022608145,2387.2150294335397,9.510960197269924,-0.02455943334780386,2340.899705512044,2343.5644357269157,-2.3249941473795843,-3.3643353378790644,3.0265182140937976,0.5579784946212385,0.5098553948855624,0.26118872821507466,2340.5876052083127,2328.4815323519374,65.50029681069987,54.35191591406803,0,0,0,0,0,0,0,0,0,100,0,0,0,0,0,0,0,0,0,0,0,0,0,0,0,0,0,0,0,0,0,0,0,0,0,0,0,0,0,0,0,0,0,0,0,0,0,0,0,0,0,100,0,0,0,0,0,0,0,0,0,0,4.0,5.0,,buy,False,True,False,0.0,2443.95,2323.95,2373.95,2378.95,"5.0,4.0,2378.95"
2024-05-14 08:00:00,2343.94,2345.82,2342.56,2344.58,4763,27,0,2326.56868015465,2350.8693333333326,2375.1699865120154,2343.273776910948,0.04427874878138027,2335.3341075268827,2335.3341075268827,2334.615088864171,0.6224575454211845,2344.3883916083923,1.1778088578098505,2343.051317016318,1.455493395494159,2340.687610722609,1.2013519813513085,2339.485734265734,1.316192696192502,0.799538746757662,0.799538746757662,2324.7622493307435,2364.029640002106,-0.0002427432099151857,-0.00014720516737131776,,7.760903492447702,7.763779644384618,"[2299.4800104999995, 2301.721086338663, 2301.548894216559, 2301.57092044298, 2301.3817223375736, 2301.92348470106, 2301.838541179336, 2303.224466260702, 2301.8080932507, 2309.815637081536, 2310.010490907665, 2310.072423996128, 2310.126505607768, 2310.416289399215, 2314.3789148140836, 2314.181806318965, 2314.4670618215496, 2314.390350136136, 2314.499221738386, 2314.5343915373473, 2314.6490354640214, 2314.5310274499884, 2322.8704810280883, 2323.8598922867964, 2324.7701796418014, 2324.387985001421, 2325.0477421048076, 2324.65172471702, 2324.4537413184494, 2324.2557747815126, 2323.4640772213843, 2323.266194971078, 2323.0683295737913, 2336.898364090898, 2336.798820306443, 2336.5179765206262, 2336.8531634529627, 2336.6847825977297, 2336.8254201738055, 2343.9032071798024, 2344.5757481885175, 2344.2394535659214, 2343.5441544030755, 2347.160328468761, 2360.7747520265843, 2360.4361338971084, 2362.129710381348, 2360.0975643373813, 2365.859857078985, 2366.199253272723, 2367.6957611324938, 2368.3952543490113, 2368.045481912978, 2367.3460919999297, 2367.1838786054664, 2367.217734011885, 2302.8046634268762, 2303.014555278369, 2310.542907729889, 2310.853443932801, 2310.942166099575, 2311.376127306411, 2311.1882403384416, 2311.034775643443, 2314.4130254523716, 2314.5268956470004, 2314.589654799358, 2314.6212381813343, 2314.6789815720167, 2314.6111305948043, 2314.68216380194, 2314.5077150193597, 2314.5185688534075, 2314.4494956164913, 2322.6726493325345, 2322.4748344856944, 2322.2770364861326]",-0.0003362190832520897,3.695152552779827e-05,2328.8376722108196,2386.5626393499133,4.123649602674504,-0.6523900836264147,2341.465904664037,2343.639662710107,-1.8672190226325256,-3.0649120748297567,3.1143492785521127,0.799538746757662,0.5579784946212385,0.5098553948855624,2341.5628060839867,2329.1054089697786,80.18257299074544,67.031416043144,0,0,0,0,0,0,0,0,0,0,0,0,-100,0,0,0,0,0,0,0,0,0,0,0,0,0,0,0,0,0,0,0,0,0,0,0,0,0,0,0,0,0,0,0,0,0,0,0,0,0,0,0,100,0,0,0,0,0,0,0,0,0,4.0,5.0,,buy,False,True,False,0.0,2444.58,2324.58,2374.58,2379.58,"5.0,4.0,2379.58"
2024-05-14 11:00:00,2339.16,2343.87,2337.73,2343.69,7261,27,0,2328.1152883367063,2351.305833333333,2374.4963783299595,2342.99793898253,0.02345969550742666,2336.8528379681115,2336.8528379681115,2336.053815597578,0.5062434804094664,2344.5484731934735,0.22240093239906855,2344.6868298368317,0.05336052836037197,2339.2115268065295,-0.23675990675519643,2339.5942152292173,-0.4920279720263352,0.9347044864648524,0.9347044864648524,2323.0699048611496,2362.9858783532486,-0.0002427432099151857,-0.00014720516737131776,,7.760399967604777,7.7627725946987685,"[2299.4800104999995, 2301.721086338663, 2301.548894216559, 2301.57092044298, 2301.3817223375736, 2301.92348470106, 2301.838541179336, 2303.224466260702, 2301.8080932507, 2309.815637081536, 2310.010490907665, 2310.072423996128, 2310.126505607768, 2310.416289399215, 2314.3789148140836, 2314.181806318965, 2314.4670618215496, 2314.390350136136, 2314.499221738386, 2314.5343915373473, 2314.6490354640214, 2314.5310274499884, 2322.8704810280883, 2323.8598922867964, 2324.7701796418014, 2324.387985001421, 2325.0477421048076, 2324.65172471702, 2324.4537413184494, 2324.2557747815126, 2323.4640772213843, 2323.266194971078, 2323.0683295737913, 2336.898364090898, 2336.798820306443, 2336.5179765206262, 2336.8531634529627, 2336.6847825977297, 2336.8254201738055, 2337.0490673420377, 2343.9032071798024, 2344.5757481885175, 2344.2394535659214, 2343.5441544030755, 2347.160328468761, 2360.7747520265843, 2360.4361338971084, 2362.129710381348, 2360.0975643373813, 2365.859857078985, 2366.199253272723, 2367.6957611324938, 2368.3952543490113, 2368.045481912978, 2367.3460919999297, 2367.1838786054664, 2367.217734011885, 2302.8046634268762, 2303.014555278369, 2310.542907729889, 2310.853443932801, 2310.942166099575, 2311.376127306411, 2311.1882403384416, 2311.034775643443, 2314.4130254523716, 2314.5268956470004, 2314.589654799358, 2314.6212381813343, 2314.6789815720167, 2314.6111305948043, 2314.68216380194, 2314.5077150193597, 2314.5185688534075, 2314.4494956164913, 2322.6726493325345, 2322.4748344856944, 2322.2770364861326, 2337.1467526737397]",-0.00033219120589726415,-1.6839686913344398e-05,2333.5150660916815,2384.087403263708,3.8233467111945174,-0.845395743813242,2341.1354388292366,2342.983551788113,-1.5638940280891802,-2.4442783766811047,2.396770148159783,0.9347044864648524,0.5276581386719954,0.05636781609200625,2341.646378264431,2332.059297671792,51.65156573384312,58.84093410165428,0,0,0,0,0,0,0,0,0,0,0,0,0,0,0,100,0,0,0,0,0,0,0,0,0,0,0,0,0,0,0,0,0,0,0,0,0,0,0,0,0,0,0,0,0,0,0,0,0,0,0,0,0,0,0,0,0,0,0,0,0,0,4.0,5.0,,buy,False,True,False,0.0,2443.69,2323.69,2373.69,2378.69,"5.0,4.0,2378.69"
2024-05-14 12:00:00,2343.68,2348.16,2343.58,2345.76,8302,27,0,2328.4877998541965,2351.4441666666667,2374.400533479137,2343.088498360152,0.09055937762195754,2338.1189944382636,2338.1189944382636,2336.9633219626744,0.909506365096604,2345.5769463869465,1.028473193473019,2344.8171639471657,0.1303341103339335,2340.3415268065246,1.129999999995107,2339.6671134421144,0.07289821289714382,1.2661564701520547,1.2661564701520547,2322.5060638526434,2362.6380602224713,-0.0002427432099151857,-0.00014720516737131776,,7.7606492230547195,7.7627725946987685,"[2299.4800104999995, 2301.721086338663, 2301.548894216559, 2301.57092044298, 2301.3817223375736, 2301.92348470106, 2301.838541179336, 2303.224466260702, 2301.8080932507, 2309.815637081536, 2310.010490907665, 2310.072423996128, 2310.126505607768, 2310.416289399215, 2314.3789148140836, 2314.181806318965, 2314.4670618215496, 2314.390350136136, 2314.499221738386, 2314.5343915373473, 2314.6490354640214, 2314.5310274499884, 2322.8704810280883, 2323.8598922867964, 2324.7701796418014, 2324.387985001421, 2325.0477421048076, 2324.65172471702, 2324.4537413184494, 2324.2557747815126, 2323.4640772213843, 2323.266194971078, 2323.0683295737913, 2336.898364090898, 2336.798820306443, 2336.5179765206262, 2336.8531634529627, 2336.6847825977297, 2336.8254201738055, 2337.0490673420377, 2343.9032071798024, 2344.5757481885175, 2344.2394535659214, 2343.5441544030755, 2347.160328468761, 2343.770091292258, 2360.7747520265843, 2360.4361338971084, 2362.129710381348, 2360.0975643373813, 2365.859857078985, 2366.199253272723, 2367.6957611324938, 2368.3952543490113, 2368.045481912978, 2367.3460919999297, 2367.1838786054664, 2367.217734011885, 2302.8046634268762, 2303.014555278369, 2310.542907729889, 2310.853443932801, 2310.942166099575, 2311.376127306411, 2311.1882403384416, 2311.034775643443, 2314.4130254523716, 2314.5268956470004, 2314.589654799358, 2314.6212381813343, 2314.6789815720167, 2314.6111305948043, 2314.68216380194, 2314.5077150193597, 2314.5185688534075, 2314.4494956164913, 2322.6726493325345, 2322.4748344856944, 2322.2770364861326, 2337.1467526737397]",-0.00028419633115826706,-3.457301309270974e-05,2334.8934659261477,2382.5812432983444,1.3783998344661086,-1.5061599653636222,2341.8469097785846,2343.1892146186233,-1.0972764501552774,-2.174877991375939,2.7675517804367584,1.2661564701520547,0.9347044864648524,0.5276581386719954,2343.6540979991373,2332.58389087739,68.11731391601064,58.2750480657881,0,0,0,0,0,0,0,0,0,0,0,0,0,0,0,0,0,0,0,0,0,0,0,0,0,0,0,0,0,0,0,0,0,0,0,0,0,0,0,0,0,0,0,0,0,0,0,0,0,0,0,0,0,0,0,0,0,0,0,0,0,0,4.0,5.0,,buy,False,True,False,0.0,2445.76,2325.76,2375.76,2380.76,"5.0,4.0,2380.76"
2024-05-14 15:00:00,2343.5,2350.16,2336.35,2348.19,15421,27,0,2328.5198634459975,2351.465166666667,2374.410469887336,2343.3458018279484,0.16421010752719667,2341.5826488691127,2341.5826488691127,2340.3699424051415,1.154551476949564,2347.307121212122,0.9606060606065512,2346.6213752913773,0.5767249417253879,2340.201165501168,-1.4089860139811208,2340.9371212121227,-0.04678710178586698,1.390278828324881,1.390278828324881,2320.8153618060614,2361.594912981143,-0.0002427432099151857,-0.00014720516737131776,,7.760630751903382,7.762044486869254,"[2299.4800104999995, 2301.721086338663, 2301.548894216559, 2301.57092044298, 2301.3817223375736, 2301.92348470106, 2301.838541179336, 2303.224466260702, 2301.8080932507, 2309.815637081536, 2310.010490907665, 2310.072423996128, 2310.126505607768, 2310.416289399215, 2314.3789148140836, 2314.181806318965, 2314.4670618215496, 2314.390350136136, 2314.499221738386, 2314.5343915373473, 2314.6490354640214, 2314.5310274499884, 2322.8704810280883, 2323.8598922867964, 2324.7701796418014, 2324.387985001421, 2325.0477421048076, 2324.65172471702, 2324.4537413184494, 2324.2557747815126, 2323.4640772213843, 2323.266194971078, 2323.0683295737913, 2336.898364090898, 2336.798820306443, 2336.5179765206262, 2336.8531634529627, 2336.6847825977297, 2336.8254201738055, 2337.0490673420377, 2343.9032071798024, 2344.5757481885175, 2344.2394535659214, 2343.5441544030755, 2347.160328468761, 2343.770091292258, 2343.9633546124915, 2360.7747520265843, 2360.4361338971084, 2362.129710381348, 2360.0975643373813, 2365.859857078985, 2366.199253272723, 2367.6957611324938, 2368.3952543490113, 2368.045481912978, 2367.3460919999297, 2367.1838786054664, 2367.217734011885, 2302.8046634268762, 2303.014555278369, 2310.542907729889, 2310.853443932801, 2310.942166099575, 2311.376127306411, 2311.1882403384416, 2311.034775643443, 2314.4130254523716, 2314.5268956470004, 2314.589654799358, 2314.6212381813343, 2314.6789815720167, 2314.6111305948043, 2314.68216380194, 2314.5077150193597, 2314.5185688534075, 2314.4494956164913, 2322.6726493325345, 2322.4748344856944, 2322.2770364861326, 2337.1467526737397]",-0.0002486872235126504,-0.00014973505586798584,2343.0654150253695,2380.276298969438,0.43027162538919583,-0.9515744611221635,2343.450567553617,2343.7338565470704,-0.13378661246815682,-1.3288583786732975,3.399329503253763,1.390278828324881,0.8575617352644258,1.2158138672598398,2348.38130787562,2334.7839898626053,77.77573173095597,78.39568255494999,0,0,0,0,0,0,0,0,0,0,0,0,0,0,0,0,0,0,0,0,0,0,0,0,0,0,0,0,0,0,0,0,0,0,0,0,0,0,0,0,0,0,0,0,0,0,0,0,0,0,0,0,0,0,0,0,0,0,0,0,0,0,4.0,5.0,,buy,True,True,False,0.0,2448.19,2328.19,2378.19,2383.19,"5.0,4.0,2383.19"
