time,open,high,low,close,tick_volume,spread,real_volume,hourly_time,time2,prev_hour_lsma_slope,prev_hour_macd_line,hour_lsma,fixed_support_gradient,fixed_resistance_gradient,prev_hour_lsma,fixed_support_trendline,fixed_resistance_trendline,ema_short,ema_long,lsma,macd_line,macd_signal,lsma_stddev,lsma_slope,prev_lsma_slope_1,prev_lsma_slope_2,lsma_upper_band,lsma_lower_band,stoch_k,stoch_d,is_buy2,is_sell2,tp,sl,be,be_condition
2024-05-29 00:00:00,68343.734,68371.039,68261.18,68312.141,1190,56421,0,2024-05-29 00:00:00,2024-05-29 00:00:00,,,,,,,,,,,,,,,,,,,,,,False,False,,,,
2024-05-29 00:15:00,68312.141,68572.234,68312.141,68420.734,1886,56421,0,2024-05-29 00:00:00,2024-05-29 00:00:00,,,,,,,,,,,,,,,,,,,,,,False,False,,,,
2024-05-29 00:30:00,68420.734,68514.539,68386.82,68390.039,1743,56421,0,2024-05-29 00:00:00,2024-05-29 00:00:00,,,,,,,,,,,,,,,,,,,,,,False,False,,,,
2024-05-29 00:45:00,68390.039,68476.734,68386.539,68403.867,1526,56421,0,2024-05-29 00:00:00,2024-05-29 00:00:00,,,,,,,,,,,,,,,,,,,,,,False,False,,,,
2024-05-29 01:00:00,68402.438,68662.641,68387.328,68585.641,1996,56421,0,2024-05-29 01:00:00,2024-05-29 01:00:00,,,,,,,,,,,,,,,,,,,,,,False,False,,,,
2024-05-29 01:15:00,68579.039,68691.734,68544.734,68621.414,1737,36421,0,2024-05-29 01:00:00,2024-05-29 01:00:00,,,,,,,,,,,,,,,,,,,,,,False,False,,,,
2024-05-29 01:30:00,68621.828,68653.836,68493.953,68568.539,1473,36421,0,2024-05-29 01:00:00,2024-05-29 01:00:00,,,,,,,,,,,,,,,,,,,,,,False,False,,,,
2024-05-29 01:45:00,68568.938,68659.336,68552.688,68630.938,998,36421,0,2024-05-29 01:00:00,2024-05-29 01:00:00,,,,,,,,,,,,,,,,,,,,,,False,False,,,,
2024-05-29 02:00:00,68635.336,68641.539,68388.078,68432.438,1623,36421,0,2024-05-29 02:00:00,2024-05-29 02:00:00,,,,,,,,,,,,,,,,,,,,,,False,False,,,,
2024-05-29 02:15:00,68433.141,68501.734,68392.625,68501.734,760,36421,0,2024-05-29 02:00:00,2024-05-29 02:00:00,,,,,,,,,,,,,,,,,,,,,,False,False,,,,
2024-05-29 02:30:00,68501.734,68517.641,68425.141,68464.641,654,36421,0,2024-05-29 02:00:00,2024-05-29 02:00:00,,,,,,,,,,,,,,,,,,,,,,False,False,,,,
2024-05-29 02:45:00,68457.641,68481.039,68360.641,68422.234,924,36421,0,2024-05-29 02:00:00,2024-05-29 02:00:00,,,,,,,,,68479.53000000001,,,,,,,,,,,,,False,False,,,,
2024-05-29 03:00:00,68422.438,68453.734,68283.156,68401.234,1079,36421,0,2024-05-29 03:00:00,2024-05-29 03:00:00,,,,,,,,,68467.48446153848,,,,,,,,,,,,,False,False,,,,
2024-05-29 03:15:00,68401.234,68473.734,68360.844,68405.734,1151,36421,0,2024-05-29 03:00:00,2024-05-29 03:00:00,,,,,,,,,68457.98439053255,,,,,,,,,,,,,False,False,,,,
2024-05-29 03:30:00,68397.336,68629.734,68393.008,68564.813,1164,36421,0,2024-05-29 03:00:00,2024-05-29 03:00:00,,,,,,,,,68474.41956121985,,,,,,,,,,,,,False,False,,,,
2024-05-29 03:45:00,68564.953,68595.938,68463.18,68514.938,1498,36421,0,2024-05-29 03:00:00,2024-05-29 03:00:00,,,,,,,,,68480.65316718603,,,,,,,,,,,53.079606828740616,,False,False,,,,
2024-05-29 04:00:00,68514.938,68621.734,68458.742,68458.742,1630,36421,0,2024-05-29 04:00:00,2024-05-29 04:00:00,,,,,,,,,68477.28221838818,,,,,,,,,,,56.21325670985627,,False,False,,,,
2024-05-29 04:15:00,68458.742,68506.539,68323.211,68472.891,1719,36421,0,2024-05-29 04:00:00,2024-05-29 04:00:00,,,,,,,,,68476.60664632847,,68494.64738149302,,,,,,,,,48.71391345920052,52.66892566593247,False,False,,,,
2024-05-29 04:30:00,68472.773,68722.336,68430.906,68697.938,1120,36421,0,2024-05-29 04:00:00,2024-05-29 04:00:00,,,,,,,,,68510.6576238164,,68521.11306363941,,,,26.465682146386825,,,,,61.285813167739484,55.40432777893209,False,False,,,,
2024-05-29 04:45:00,68697.938,68740.734,68562.109,68585.938,1906,36421,0,2024-05-29 04:00:00,2024-05-29 04:00:00,,,,,,,,,68522.23922015233,,68530.58420605434,,,,9.471142414928181,26.465682146386825,,,,69.01770422832206,59.67247695175402,False,False,,,,
2024-05-29 05:00:00,68587.734,68651.734,68456.242,68527.438,1903,36421,0,2024-05-29 05:00:00,2024-05-29 05:00:00,,,,,,,,,68523.03903243659,,68523.74194977635,,,,-6.842256277988781,9.471142414928181,26.465682146386825,,,71.33369801621812,67.21240513742656,False,False,,,,
2024-05-29 05:15:00,68527.445,68949.734,68503.094,68931.867,1406,36421,0,2024-05-29 05:00:00,2024-05-29 05:00:00,,,,,,,,,68585.93564283095,,68591.72070106634,,,,67.97875128999294,-6.842256277988781,9.471142414928181,,,72.29201357091652,70.88113860515223,False,False,,,,
2024-05-29 05:30:00,68931.875,68942.141,68619.859,68650.336,1885,36421,0,2024-05-29 05:00:00,2024-05-29 05:00:00,,,,,,,,,68595.84339008773,,68615.47482903338,,,,23.754127967040404,67.97875128999294,-6.842256277988781,,,68.59659684851025,70.7407694785483,False,False,,,,
2024-05-29 05:45:00,68640.57,68791.734,68620.141,68703.039,1524,36421,0,2024-05-29 05:00:00,2024-05-29 05:00:00,,,,,,,,,68612.33502238193,,68651.36338252497,,,,35.888553491589846,23.754127967040404,67.97875128999294,,,71.79824916713939,70.89561986218871,False,False,,,,
2024-05-29 06:00:00,68693.039,68831.734,68690.383,68831.734,1516,36421,0,2024-05-29 06:00:00,2024-05-29 06:00:00,,,,,,,,,68646.08871124624,,68705.23343068454,,,146.0325505566403,53.870048159573344,35.888553491589846,23.754127967040404,68903.877373936,68508.08948743308,66.79093319411486,69.06192640325483,False,False,,,,
2024-05-29 06:15:00,68840.836,68901.734,68739.375,68767.82,2118,36421,0,2024-05-29 06:00:00,2024-05-29 06:00:00,,,,,,,,,68664.81660182374,68548.80084615386,68748.7784506364,,,144.83497893847448,43.54501995185274,53.870048159573344,35.888553491589846,68945.80567220334,68553.25122906946,72.66591456663802,70.41836564263076,False,False,,,,
2024-05-29 06:30:00,68768.813,68881.734,68748.609,68881.734,1503,36421,0,2024-05-29 06:00:00,2024-05-29 06:00:00,,,,,,,,,68698.18850923548,68573.46256125357,68793.35839525283,,,155.54562831350168,44.57994461643102,43.54501995185274,53.870048159573344,69004.84499347606,68583.3717970296,81.38445461849629,73.61376745974972,False,False,,,,
2024-05-29 06:45:00,68880.086,68891.641,68763.719,68843.836,1311,36421,0,2024-05-29 06:00:00,2024-05-29 06:00:00,,,,,,,,,68720.59581550694,68593.49022338293,68830.2320804954,,,159.28774979115389,36.873685242579086,44.57994461643102,43.54501995185274,69046.77054271346,68615.19361827735,81.65107542038321,78.56714820183917,False,False,,,,
2024-05-29 07:00:00,68840.109,68867.938,68781.266,68839.641,1127,36421,0,2024-05-29 07:00:00,2024-05-29 07:00:00,,,68776.47201190479,0.0007274686103138022,0.0009396502305794249,,68678.93113850863,69348.76121951384,68738.91045927511,68611.72361424346,68857.6309091847,89.56320730452717,,161.34671690130594,27.39882868929999,36.873685242579086,44.57994461643102,69076.94897700148,68639.81284136794,84.89063184166189,82.64205396018046,False,False,,,,
2024-05-29 07:15:00,68837.664,68951.234,68799.516,68932.641,1875,36421,0,2024-05-29 07:00:00,2024-05-29 07:00:00,,,68776.47201190479,0.0007274686103138022,0.0009396502305794249,,68678.93113850863,69348.76121951384,68768.71515784817,68635.49527244765,68892.74791400065,91.09500956452393,,173.43160176708696,35.11700481594016,27.39882868929999,36.873685242579086,69128.38057638622,68658.61525161508,87.52162907589117,84.6877787793121,False,False,,,,
2024-05-29 07:30:00,68932.641,68932.641,68856.336,68901.734,1452,36421,0,2024-05-29 07:00:00,2024-05-29 07:00:00,,,68776.47201190479,0.0007274686103138022,0.0009396502305794249,,68678.93113850863,69348.76121951384,68789.1795951023,68655.21665967375,68912.25854695559,90.92709331700462,,181.9631571464335,19.510632954945322,35.11700481594016,27.39882868929999,69159.40880910328,68666.60828480791,90.52850076584059,87.64692056113121,False,False,,,,
2024-05-29 07:45:00,68896.344,68933.641,68758.078,68865.938,1298,36421,0,2024-05-29 07:00:00,2024-05-29 07:00:00,,,68776.47201190479,0.0007274686103138022,0.0009396502305794249,,68678.93113850863,69348.76121951384,68800.98858047117,68670.82564784607,68917.73459993118,89.18523963930784,,186.92849455802,5.476052975587663,19.510632954945322,35.11700481594016,69171.58806758451,68665.38113227785,90.92160860389679,89.65724614854285,False,False,,,,
2024-05-29 08:00:00,68857.813,68863.734,68586.641,68611.734,1480,36421,0,2024-05-29 08:00:00,2024-05-29 08:00:00,,,68742.23596428573,0.0005963640459037105,0.0008267414716328432,68776.47201190479,68656.19802766705,69357.93677126506,68771.87249116792,68666.44848874636,68883.07266116266,79.88511405978352,,187.04642546699748,-34.661938768520486,5.476052975587663,19.510632954945322,69135.5853355431,68629.05998678222,69.046139703746,83.49874969116114,False,False,,,,
2024-05-29 08:15:00,68622.539,68753.539,68622.539,68735.938,954,36421,0,2024-05-29 08:00:00,2024-05-29 08:00:00,,,68742.23596428573,0.0005963640459037105,0.0008267414716328432,68776.47201190479,68656.19802766705,69357.93677126506,68766.34410791131,68671.59585995034,68866.36351943584,75.0731533224025,,182.225182347687,-16.709141726823873,-34.661938768520486,5.476052975587663,69112.36751560522,68618.85952326645,57.175150562581486,72.38096629007477,False,False,,,,
2024-05-29 08:30:00,68735.938,68781.641,68681.836,68763.938,1641,36421,0,2024-05-29 08:00:00,2024-05-29 08:00:00,,,68742.23596428573,0.0005963640459037105,0.0008267414716328432,68776.47201190479,68656.19802766705,69357.93677126506,68765.97393746342,68678.43601847254,68846.33097351217,71.33306486913352,,180.23227279280832,-20.032545923662838,-16.709141726823873,-34.661938768520486,69089.64454178246,68601.51740524189,48.708035456776805,58.309775241034764,False,False,,,,
2024-05-29 08:45:00,68763.938,68763.938,68593.953,68611.836,1023,36421,0,2024-05-29 08:00:00,2024-05-29 08:00:00,,,68742.23596428573,0.0005963640459037105,0.0008267414716328432,68776.47201190479,68656.19802766705,69357.93677126506,68742.2604086229,68673.50268377087,68794.4051788786,63.3760881760827,,175.54877597739468,-51.92579463357106,-20.032545923662838,-16.709141726823873,69031.39602644808,68555.91433130912,40.540506259442964,48.80789742626708,False,False,,,,
2024-05-29 09:00:00,68611.836,68688.641,68591.836,68629.141,884,36421,0,2024-05-29 09:00:00,2024-05-29 09:00:00,-34.23604761905153,,68702.19219047618,0.0004978551760017714,0.00014433567621697566,68742.23596428573,68628.54662679158,69030.76397625194,68724.85742268091,68670.21663312118,68764.15943137257,56.74890412305831,78.57631937509157,167.7396632167888,-30.245747506036423,-51.92579463357106,-20.032545923662838,68990.60797671523,68536.2108860299,25.591065641324008,38.279869119181264,False,True,68129.141,69029.141,68529.141,68479.141
2024-05-29 09:15:00,68629.141,68691.141,68599.938,68667.141,827,36421,0,2024-05-29 09:00:00,2024-05-29 09:00:00,-34.23604761905153,,68702.19219047618,0.0004978551760017714,0.00014433567621697566,68742.23596428573,68628.54662679158,69030.76397625194,68715.97797303769,68669.98880844553,68731.84139800482,51.87801915050659,73.23665933017458,157.0674899403818,-32.31803336774465,-30.245747506036423,-51.92579463357106,68943.88250942434,68518.3002865853,13.548897903506566,26.560156601424513,False,False,,,,
2024-05-29 09:30:00,68667.141,68671.836,68517.828,68542.734,1207,36421,0,2024-05-29 09:00:00,2024-05-29 09:00:00,-34.23604761905153,,68702.19219047618,0.0004978551760017714,0.00014433567621697566,68742.23596428573,68628.54662679158,69030.76397625194,68689.3250541088,68660.56252633846,68669.63256897141,43.88095743303711,67.36551895074709,148.68685336249015,-62.2088290334068,-32.31803336774465,-30.245747506036423,68870.35982101077,68467.40531693205,13.16094105658801,17.433634867139528,False,False,,,,
2024-05-29 09:45:00,68543.141,68592.336,68486.773,68534.234,1102,36421,0,2024-05-29 09:00:00,2024-05-29 09:00:00,-34.23604761905153,,68702.19219047618,0.0004978551760017714,0.00014433567621697566,68742.23596428573,68628.54662679158,69030.76397625194,68665.46489193822,68651.20485772079,68642.60289164088,36.60641669743927,61.21369850008553,149.97763207101468,-27.02967733053083,-62.2088290334068,-32.31803336774465,68845.07269493675,68438.63308834501,12.681500244985557,13.130446401693376,False,False,,,,
2024-05-29 10:00:00,68541.734,68564.836,68245.109,68370.641,1331,36421,0,2024-05-29 10:00:00,2024-05-29 10:00:00,-40.04377380954975,,68451.82441666666,-0.0006818700096740069,1.579649302785503e-05,68702.19219047618,67767.0575026833,68959.00637498753,68620.10737010157,68630.42234974148,68565.35362263503,25.55696377978893,54.08235155602621,159.85567461456742,-77.24926900585706,-27.02967733053083,-62.2088290334068,68781.15878336469,68348.04846190536,11.247558369553635,12.363333223709068,False,True,67870.641,68770.641,68270.641,68220.641
2024-05-29 10:15:00,68370.734,68424.539,68143.836,68166.609,1671,36421,0,2024-05-29 10:00:00,2024-05-29 10:00:00,-40.04377380954975,,68451.82441666666,-0.0006818700096740069,1.579649302785503e-05,68702.19219047618,67767.0575026833,68959.00637498753,68550.33839008595,68596.06580531619,68459.07506742349,10.234562498342711,45.31279374448952,186.2929118296729,-106.27855521153833,-77.24926900585706,-27.02967733053083,68710.57049839354,68206.07963645343,10.272214113673511,11.400424242737566,False,False,,,,
2024-05-29 10:30:00,68163.734,68275.641,68093.836,68229.641,1385,36421,0,2024-05-29 10:00:00,2024-05-29 10:00:00,-40.04377380954975,,68451.82441666666,-0.0006818700096740069,1.579649302785503e-05,68702.19219047618,67767.0575026833,68959.00637498753,68501.00033007273,68568.92322714462,68384.67185724116,-0.9684212028078036,36.05655075503006,203.28714196421217,-74.40321018232498,-106.27855521153833,-77.24926900585706,68659.10949889285,68108.73421558947,12.145777618517421,11.221850033914857,False,False,,,,
2024-05-29 10:45:00,68229.641,68229.641,67957.336,67975.438,1326,36421,0,2024-05-29 10:00:00,2024-05-29 10:00:00,-40.04377380954975,,68451.82441666666,-0.0006818700096740069,1.579649302785503e-05,68702.19219047618,67767.0575026833,68959.00637498753,68420.14458698462,68524.96135846725,68266.17048022007,-17.68551270152966,25.30813806371812,246.38378378654832,-118.5013770210935,-74.40321018232498,-106.27855521153833,68598.78858833191,67932.05237210823,6.83795919990919,9.751983644033373,False,False,,,,
2024-05-29 11:00:00,67979.641,68027.836,67658.844,67792.141,2225,36421,0,2024-05-29 11:00:00,2024-05-29 11:00:00,-250.36777380952844,,68214.59440476193,-0.0014807931973505196,-0.0012599296471441693,68451.82441666666,67207.22211011179,68248.08102492208,68323.52865052545,68470.67836895115,68136.05738871689,-36.926935918221716,12.861123267330154,299.5955649281609,-130.11309150318266,-118.5013770210935,-74.40321018232498,68540.5114013699,67730.10337606387,9.383222346959558,9.455653055128723,False,False,,,,
2024-05-29 11:15:00,67782.672,68005.734,67618.039,67952.984,2162,36421,0,2024-05-29 11:00:00,2024-05-29 11:00:00,-250.36777380952844,,68214.59440476193,-0.0014807931973505196,-0.0012599296471441693,68451.82441666666,67207.22211011179,68248.08102492208,68266.52178121384,68432.33063791774,68049.44254592358,-48.34527783506201,0.619843046851722,327.1430392604772,-86.61484279330762,-130.11309150318266,-118.5013770210935,68491.08564892522,67606.29944292194,13.066222715888173,9.76246808758564,False,False,,,,
2024-05-29 11:30:00,67952.969,67990.539,67785.156,67881.734,2482,36421,0,2024-05-29 11:00:00,2024-05-29 11:00:00,-250.36777380952844,,68214.59440476193,-0.0014807931973505196,-0.0012599296471441693,68451.82441666666,67207.22211011179,68248.08102492208,68207.3236610271,68391.54570177569,67962.9007922257,-59.71619337222364,-11.44736423696335,348.08365005161625,-86.54175369787845,-86.61484279330762,-130.11309150318266,68432.81371979538,67491.48786465602,20.002164249382176,14.150536437409968,False,False,,,,
2024-05-29 11:45:00,67872.703,67930.141,67779.313,67895.336,1624,36421,0,2024-05-29 11:00:00,2024-05-29 11:00:00,-250.36777380952844,,68214.59440476193,-0.0014807931973505196,-0.0012599296471441693,68451.82441666666,67207.22211011179,68248.08102492208,68159.32555933062,68354.78942757008,67902.24252769173,-68.55052082029579,-22.86799555362984,370.7899255417462,-60.65826453396585,-86.54175369787845,-86.61484279330762,68402.80892717309,67400.17612821038,24.460358654562,19.176248539944115,False,False,,,,
2024-05-29 12:00:00,67898.734,68066.938,67843.289,67898.039,1793,36421,0,2024-05-29 12:00:00,2024-05-29 12:00:00,-237.2300119047286,,68035.9116547619,-0.002051764667926621,-0.002170037629591534,68214.59440476193,66911.65511068908,67659.06080908787,68119.12762712591,68320.95606256489,67855.31934915725,-75.49814958075876,-33.39402635905562,388.5070015455542,-46.923178534489125,-60.65826453396585,-86.54175369787845,68379.80380124375,67329.33489707074,23.642612094495153,22.70171166614644,False,False,,,,
2024-05-29 12:15:00,67898.039,67973.836,67731.836,67806.234,2057,36421,0,2024-05-29 12:00:00,2024-05-29 12:00:00,-237.2300119047286,,68035.9116547619,-0.002051764667926621,-0.002170037629591534,68214.59440476193,66911.65511068908,67659.06080908787,68070.99014602962,68282.82850237489,67803.4779109047,-83.50868275891116,-43.416957639026734,404.19070269479704,-51.8414382525516,-46.923178534489125,-60.65826453396585,68349.13535954268,67256.32046226671,21.934451151114875,23.345807300057345,False,False,,,,
2024-05-29 12:30:00,67800.203,67897.734,67703.836,67884.641,1409,36421,0,2024-05-29 12:00:00,2024-05-29 12:00:00,-237.2300119047286,,68035.9116547619,-0.002051764667926621,-0.002170037629591534,68214.59440476193,66911.65511068908,67659.06080908787,68042.32104664046,68253.33313182861,67759.45271757827,-87.50271913946199,-52.23410993911378,413.2000978714308,-44.025193326422595,-51.8414382525516,-46.923178534489125,68317.2728497047,67200.13258545184,22.272162999515043,22.616408748375022,False,False,,,,
2024-05-29 12:45:00,67884.641,67981.734,67799.547,67929.906,1607,36421,0,2024-05-29 12:00:00,2024-05-29 12:00:00,-237.2300119047286,,68035.9116547619,-0.002051764667926621,-0.002170037629591534,68214.59440476193,66911.65511068908,67659.06080908787,68025.0264240804,68229.37556650798,67746.51854901962,-89.0266024377197,-59.59260843883497,411.639350007256,-12.934168558655074,-44.025193326422595,-51.8414382525516,68302.23167152941,67189.30542650982,23.992041682351807,22.732885277660575,False,False,,,,
2024-05-29 13:00:00,67929.922,68057.734,67821.266,68021.836,1286,36421,0,2024-05-29 13:00:00,2024-05-29 13:00:00,-178.68275000002177,,67943.71814285716,-0.00314875268410574,-0.0021700526442350026,68035.9116547619,66326.5220421885,67512.40987744094,68024.53558960649,68214.00226528518,67765.82702235982,-87.1216175248992,-65.09841025604783,405.0363473497082,19.308473340206547,-12.934168558655074,-44.025193326422595,68314.12609128193,67219.02795343772,31.961203126841884,26.075135936236247,False,False,,,,
2024-05-29 13:15:00,68017.359,68053.539,67937.469,68038.836,1370,36421,0,2024-05-29 13:00:00,2024-05-29 13:00:00,-178.68275000002177,,67943.71814285716,-0.00314875268410574,-0.0021700526442350026,68035.9116547619,66326.5220421885,67512.40987744094,68026.73565274396,68201.02698637516,67785.8865992432,-84.47409618565871,-68.97354744197,395.2313182455821,20.059576883373666,19.308473340206547,-12.934168558655074,68320.94887887473,67252.32431961167,38.49460918448921,31.482617997894298,False,False,,,,
2024-05-29 13:30:00,68041.539,68045.141,67869.844,67932.836,1418,36421,0,2024-05-29 13:00:00,2024-05-29 13:00:00,-178.68275000002177,,67943.71814285716,-0.00314875268410574,-0.0021700526442350026,68035.9116547619,66326.5220421885,67512.40987744094,68012.2895523218,68181.16098738441,67796.56335190922,-84.73063945991453,-72.1249658455589,379.4105760164539,10.676752666026005,20.059576883373666,19.308473340206547,68310.26762953143,67284.35907428701,41.64057142165399,37.36546124432836,False,False,,,,
2024-05-29 13:45:00,67934.539,68022.734,67902.594,68022.039,733,36421,0,2024-05-29 13:00:00,2024-05-29 13:00:00,-178.68275000002177,,67943.71814285716,-0.00314875268410574,-0.0021700526442350026,68035.9116547619,66326.5220421885,67512.40987744094,68013.78946734921,68169.37417350408,67838.18890299277,-81.86064654572692,-74.07210198559251,358.157557619039,41.62555108354718,10.676752666026005,20.059576883373666,68323.20160577848,67354.67620020706,48.30403024346759,42.813070283203594,False,False,,,,
2024-05-29 14:00:00,68022.734,68031.734,67848.195,67870.641,1315,36421,0,2024-05-29 14:00:00,2024-05-29 14:00:00,-92.19351190474117,,67837.70820238096,-0.002876277111530875,-0.0020242888147971195,67943.71814285716,66246.65748542557,67465.64841882401,67991.76662621857,68147.24579028155,67850.08511661498,-83.24300397979096,-75.9062823844322,339.4025901034183,11.89621362221078,41.62555108354718,10.676752666026005,68309.77861325459,67391.89161997537,47.256506173061865,45.73370261272782,False,False,,,,
2024-05-29 14:15:00,67870.641,67940.938,67835.125,67936.336,944,36421,0,2024-05-29 14:00:00,2024-05-29 14:00:00,-92.19351190474117,,67837.70820238096,-0.002876277111530875,-0.0020242888147971195,67943.71814285716,66246.65748542557,67465.64841882401,67983.23883756956,68131.62284285329,67883.90127003782,-82.00480102583242,-77.12598611271224,331.2712272794201,33.816153422842035,11.89621362221078,41.62555108354718,68332.61742686504,67436.68511321061,57.88106094987183,51.14719912213376,False,False,,,,
2024-05-29 14:30:00,67931.695,67932.336,67831.836,67901.938,1420,36421,0,2024-05-29 14:00:00,2024-05-29 14:00:00,-92.19351190474117,,67837.70820238096,-0.002876277111530875,-0.0020242888147971195,67943.71814285716,66246.65748542557,67465.64841882401,67970.73101640501,68114.60915079009,67905.5664637083,-81.42134201693989,-77.98505729355777,312.71022116843307,21.665193670472945,33.816153422842035,11.89621362221078,68329.22526228568,67483.40766513092,58.48374959102745,54.54043890465371,False,False,,,,
2024-05-29 14:45:00,67901.938,67970.734,67759.344,67798.641,1251,36421,0,2024-05-29 14:00:00,2024-05-29 14:00:00,-92.19351190474117,,67837.70820238096,-0.002876277111530875,-0.0020242888147971195,67943.71814285716,66246.65748542557,67465.64841882401,67944.25562926578,68091.20410258342,67896.48709425524,-83.36302525376959,-79.06065088560014,289.97710279911166,-9.079369453058462,21.665193670472945,33.816153422842035,68287.95618303404,67503.51800547644,53.41976527989743,56.594858606932235,False,False,,,,
2024-05-29 15:00:00,67798.641,67981.641,67778.055,67980.734,1327,36421,0,2024-05-29 15:00:00,2024-05-29 15:00:00,-106.00994047620043,,67839.56967857141,-0.0013807007729465474,-0.001685287959177901,67837.70820238096,66864.06159544564,67584.29506882094,67949.86768630182,68083.02113202168,67932.94734090127,-79.27072268389747,-79.10266524525962,269.5577293440951,36.46024664603465,-9.079369453058462,21.665193670472945,68298.3502755158,67569.04440628675,55.204052692490244,55.70252252113838,True,False,68480.734,67580.734,68080.734,68130.734
2024-05-29 15:15:00,67978.555,68055.938,67801.906,67861.836,1828,36421,0,2024-05-29 15:00:00,2024-05-29 15:00:00,-106.00994047620043,,67839.56967857141,-0.0013807007729465474,-0.001685287959177901,67837.70820238096,66864.06159544564,67584.29506882094,67936.3243499477,68066.63704816822,67927.7503137255,-78.70878005228587,-79.02388820666488,245.41784453167776,-5.197027175774565,36.46024664603465,-9.079369453058462,68259.06440384327,67594.93622360773,48.62756654236827,52.41712817158532,False,False,,,,
2024-05-29 15:30:00,67861.836,67898.938,67599.859,67814.141,2070,36421,0,2024-05-29 15:00:00,2024-05-29 15:00:00,-106.00994047620043,,67839.56967857141,-0.0013807007729465474,-0.001685287959177901,67837.70820238096,66864.06159544564,67584.29506882094,67917.5269114942,68047.9336371928,67898.61417681455,-79.09722671860072,-79.03855590905205,210.8343597659195,-29.13613691095088,-5.197027175774565,36.46024664603465,68183.24056249854,67612.48779113055,55.524063986202584,53.11856107368703,False,False,,,,
2024-05-29 15:45:00,67811.813,68056.734,67781.844,67926.141,1930,36421,0,2024-05-29 15:00:00,2024-05-29 15:00:00,-106.00994047620043,,67839.56967857141,-0.0013807007729465474,-0.001685287959177901,67837.70820238096,66864.06159544564,67584.29506882094,67918.85215587972,68038.9119603637,67904.81420708634,-75.72304373384395,-78.37545347401044,178.47663795136737,6.200030271793366,-29.13613691095088,-5.197027175774565,68147.25766832069,67663.870745852,53.85774646654168,52.66979233170417,False,False,,,,
2024-05-29 16:00:00,67926.141,68286.641,67841.836,68218.141,2164,36421,0,2024-05-29 16:00:00,2024-05-29 16:00:00,1.8614761904464103,,67852.96949999995,-0.0003238017516362696,-0.0007911016755441923,67839.56967857141,67418.62289009223,68088.21716844746,67964.89659343669,68052.18818552194,67959.55343068461,-64.05009528491064,-75.51038183619048,145.50192010913864,54.739223598269746,6.200030271793366,-29.13613691095088,68157.48102283194,67763.12583853728,69.3617475858348,59.58118601285969,True,False,68718.141,67818.141,68318.141,68368.141
2024-05-29 16:15:00,68217.461,68311.141,67685.836,67848.258,2981,36421,0,2024-05-29 16:00:00,2024-05-29 16:00:00,1.8614761904464103,,67852.96949999995,-0.0003238017516362696,-0.0007911016755441923,67839.56967857141,67418.62289009223,68088.21716844746,67946.95219444642,68037.08224585364,67941.11187168899,-64.35435725956631,-73.27917692086565,119.9885897748412,-18.441558995618834,54.739223598269746,6.200030271793366,68103.09646788503,67777.62727549295,65.40290805594547,62.87413403610733,False,False,,,,
2024-05-29 16:30:00,67848.273,67961.234,67634.305,67847.336,3401,36421,0,2024-05-29 16:00:00,2024-05-29 16:00:00,1.8614761904464103,,67852.96949999995,-0.0003238017516362696,-0.0007911016755441923,67839.56967857141,67418.62289009223,68088.21716844746,67931.62662607005,68023.026968383,67923.47386962512,-64.22903335714363,-71.46914820812125,111.96434711297509,-17.63800206387532,-18.441558995618834,54.739223598269746,68074.62573822764,67770.82200102259,53.24725200595827,62.67063588257952,False,False,,,,
2024-05-29 16:45:00,67847.336,67951.734,67599.875,67901.836,3216,36421,0,2024-05-29 16:00:00,2024-05-29 16:00:00,1.8614761904464103,,67852.96949999995,-0.0003238017516362696,-0.0007911016755441923,67839.56967857141,67418.62289009223,68088.21716844746,67927.0434528285,68014.0498596139,67908.41911661507,-62.158258040464716,-69.60697017458995,93.09236538021898,-15.054753010044806,-17.63800206387532,-18.441558995618834,68034.09380987837,67781.24442335177,37.390374000747734,52.013511354217165,False,False,,,,
2024-05-29 17:00:00,67903.336,67989.336,67825.391,67915.836,2591,36421,0,2024-05-29 17:00:00,2024-05-29 17:00:00,13.399821428538417,,67814.34455952374,-0.00021103271595188447,-0.0006193641929056327,67852.96949999995,67473.77950851661,68093.93012824164,67925.31922931642,68006.77475890175,67901.67883625733,-59.614947721987846,-67.60856568406953,92.30715683577371,-6.740280357742449,-15.054753010044806,-17.63800206387532,68026.29349798562,67775.56417452903,40.55733169122743,43.73165256597781,False,False,,,,
2024-05-29 17:15:00,67916.836,67985.039,67652.219,67684.109,2328,36421,0,2024-05-29 17:00:00,2024-05-29 17:00:00,13.399821428538417,,67814.34455952374,-0.00021103271595188447,-0.0006193641929056327,67852.96949999995,67473.77950851661,68093.93012824164,67888.20996326774,67982.8735915757,67855.2334396285,-63.70952727703843,-66.82875800266332,100.4724958796062,-46.44539662882744,-6.740280357742449,-15.054753010044806,67990.87130906597,67718.09557019103,32.90790431924288,36.95187000373935,False,False,,,,
2024-05-29 17:30:00,67686.836,67865.039,67531.836,67734.938,2891,36421,0,2024-05-29 17:00:00,2024-05-29 17:00:00,13.399821428538417,,67814.34455952374,-0.00021103271595188447,-0.0006193641929056327,67852.96949999995,67473.77950851661,68093.93012824164,67864.62966122656,67964.50799219972,67830.51670519437,-65.31041015667142,-66.52508843346494,105.97278487336841,-24.71673443412874,-46.44539662882744,-6.740280357742449,67973.57996477342,67685.95344561532,27.443446560164443,33.63622752354492,False,False,,,,
2024-05-29 17:45:00,67733.055,67796.141,67644.938,67652.234,1706,36421,0,2024-05-29 17:00:00,2024-05-29 17:00:00,13.399821428538417,,67814.34455952374,-0.00021103271595188447,-0.0006193641929056327,67852.96949999995,67473.77950851661,68093.93012824164,67831.95340565324,67941.3765853701,67796.31989989681,-68.61056896833179,-66.94218454043832,117.15966506787619,-34.19680529755715,-24.71673443412874,-46.44539662882744,67954.48544773845,67636.65435205518,17.78538548092074,26.04557878677602,False,False,,,,
2024-05-29 18:00:00,67650.125,67693.336,67506.156,67586.938,1707,36421,0,2024-05-29 18:00:00,2024-05-29 18:00:00,-38.624940476205666,,67665.25895238093,-0.0006658421644156255,0.0006857491304308933,67814.34455952374,67119.36867369323,68598.69727893588,67794.25872786043,67915.1218753427,67746.18916477471,-72.82734708249336,-68.11921704884932,132.16831220448907,-50.13073512210394,-34.19680529755715,-24.71673443412874,67924.61638625077,67566.26194329865,17.18218823205208,20.803673424379088,False,False,,,,
2024-05-29 18:15:00,67583.992,67891.734,67377.672,67690.039,2466,36421,0,2024-05-29 18:00:00,2024-05-29 18:00:00,-38.624940476205666,,67665.25895238093,-0.0006658421644156255,0.0006857491304308933,67814.34455952374,67119.36867369323,68598.69727893588,67778.2249235742,67898.44906976176,67728.86900825593,-72.98004322283668,-69.0913822836468,137.46392779313487,-17.320156518777367,-50.13073512210394,-34.19680529755715,67914.44531077666,67541.7927057352,19.649217885902377,18.205597199625064,False,False,,,,
2024-05-29 18:30:00,67689.336,67713.336,67397.039,67473.234,2469,36421,0,2024-05-29 18:00:00,2024-05-29 18:00:00,-38.624940476205666,,67665.25895238093,-0.0006658421644156255,0.0006857491304308933,67814.34455952374,67119.36867369323,68598.69727893588,67731.30324302433,67866.95165718682,67662.26306295146,-78.84004984785861,-71.04111579648915,158.6316584238958,-66.6059453044727,-17.320156518777367,-50.13073512210394,67876.41580182372,67446.6103240792,17.91184815479264,18.24775142424903,False,False,,,,
2024-05-29 18:45:00,67462.227,67600.438,67302.961,67402.836,2341,36421,0,2024-05-29 18:00:00,2024-05-29 18:00:00,-38.624940476205666,,67665.25895238093,-0.0006658421644156255,0.0006857491304308933,67814.34455952374,67119.36867369323,68598.69727893588,67680.76982102059,67832.57271961743,67594.64634124523,-85.29929957026616,-73.89275255124456,182.8042136300879,-67.61672170623206,-66.6059453044727,-17.320156518777367,67841.43202964585,67346.36065284461,17.868930510731325,18.476665517142113,False,False,,,,
2024-05-29 19:00:00,67402.836,67421.938,67111.227,67231.836,2629,36421,0,2024-05-29 19:00:00,2024-05-29 19:00:00,-149.0856071428134,,67597.58432142861,-0.0012572962481406103,-0.0001012972262069485,67665.25895238093,66764.98033480917,68261.86571891065,67611.70307932512,67788.07370334947,67500.1406040591,-95.09790854495077,-78.13378374998581,218.31133150689618,-94.50573718613305,-67.61672170623206,-66.6059453044727,67794.8609015934,67203.92030652479,10.065077706893085,15.281952124139016,False,False,,,,
2024-05-29 19:15:00,67226.125,67560.234,67221.836,67373.641,2237,36421,0,2024-05-29 19:00:00,2024-05-29 19:00:00,-149.0856071428134,,67597.58432142861,-0.0012572962481406103,-0.0001012972262069485,67665.25895238093,66764.98033480917,68261.86571891065,67575.07814404432,67757.37498458284,67433.0925579635,-98.7169217835908,-82.25041135670682,230.47248404573736,-67.04804609560233,-94.50573718613305,-67.61672170623206,67744.23041142523,67120.45470450175,13.942445370370327,13.958817862664914,False,False,,,,
2024-05-29 19:30:00,67367.375,67633.039,67361.836,67625.445,1833,36421,0,2024-05-29 19:00:00,2024-05-29 19:00:00,-149.0856071428134,,67597.58432142861,-0.0012572962481406103,-0.0001012972262069485,67665.25895238093,66764.98033480917,68261.86571891065,67582.82689111443,67747.60239313226,67436.4067801857,-93.9518033007771,-84.59068974552088,226.35548666317283,3.3142222222086275,-67.04804609560233,-94.50573718613305,67743.48668718098,67130.82687319042,24.92514741334256,16.310890163535323,False,False,,,,
2024-05-29 19:45:00,67625.523,67748.234,67553.094,67579.148,1953,36421,0,2024-05-29 19:00:00,2024-05-29 19:00:00,-149.0856071428134,,67597.58432142861,-0.0012572962481406103,-0.0001012972262069485,67665.25895238093,66764.98033480917,68261.86571891065,67582.26090786606,67735.12428993727,67425.6775104919,-90.654177513381,-85.8033872990929,226.7595513196327,-10.729269693794777,3.3142222222086275,-67.04804609560233,67731.80290477342,67118.0521162104,39.337106679489956,26.068233154400946,False,False,,,,
2024-05-29 20:00:00,67570.789,67622.234,67463.125,67551.039,1520,36421,0,2024-05-29 20:00:00,2024-05-29 20:00:00,-67.67463095231506,,67574.06497619044,-0.0017557308368160189,-0.0012226760999566283,67597.58432142861,66510.91653988804,67636.04031844433,67577.45753742513,67721.48834253452,67409.69980392155,-88.09704794362187,-86.26211942799871,223.1980264354502,-15.977706570352893,-10.729269693794777,3.3142222222086275,67711.01713960941,67106.8824682337,48.74272810502964,37.668327399287385,False,False,,,,
2024-05-29 20:15:00,67550.984,67657.336,67445.641,67657.336,1180,36421,0,2024-05-29 20:00:00,2024-05-29 20:00:00,-67.67463095231506,,67574.06497619044,-0.0017557308368160189,-0.0012226760999566283,67597.58432142861,66510.91653988804,67636.04031844433,67589.74653166742,67716.73631716159,67427.93508599927,-82.34129060569103,-85.47795366353718,221.92155448069815,18.235282077715965,-15.977706570352893,-10.729269693794777,67729.02918454821,67128.34098745033,55.18836499796759,47.7560665941624,False,False,,,,
2024-05-29 20:30:00,67656.031,67715.836,67551.5,67553.234,1614,36421,0,2024-05-29 20:00:00,2024-05-29 20:00:00,-67.67463095231506,,67574.06497619044,-0.0017557308368160189,-0.0012226760999566283,67597.58432142861,66510.91653988804,67636.04031844433,67584.1292191032,67704.62503440888,67457.56931441349,-79.9324143101403,-84.3688457928578,220.13852637661753,29.634228414215613,18.235282077715965,-15.977706570352893,67756.25632502192,67160.38230380505,54.28717028446555,52.739421129154266,False,False,,,,
2024-05-29 20:45:00,67559.438,67678.039,67350.938,67640.336,1857,36421,0,2024-05-29 20:00:00,2024-05-29 20:00:00,-67.67463095231506,,67574.06497619044,-0.0017557308368160189,-0.0012226760999566283,67597.58432142861,66510.91653988804,67636.04031844433,67592.77641616424,67699.86288371192,67479.95050705198,-74.9021161411365,-82.47549986251354,216.94969902582218,22.381192638495122,29.634228414215613,18.235282077715965,67774.33260073685,67187.06841336712,60.18855644689075,56.55469724310797,False,False,,,,
2024-05-29 21:00:00,67640.336,67651.734,67452.633,67484.836,1802,36421,0,2024-05-29 21:00:00,2024-05-29 21:00:00,-23.519345238179085,,67509.57646428572,-0.0017786188226021483,-0.001890717974678328,67574.06497619044,66385.13843107657,67143.05550609053,67576.17019829282,67683.93496639992,67476.36652528381,-74.62159694991715,-80.90471927999428,220.17747563430302,-3.583981768169906,22.381192638495122,29.634228414215613,67773.60611739013,67177.6269331775,55.41388776728337,56.62987149954656,False,False,,,,
2024-05-29 21:15:00,67484.75,67575.938,67330.039,67355.734,1623,36421,0,2024-05-29 21:00:00,2024-05-29 21:00:00,-23.519345238179085,,67509.57646428572,-0.0017786188226021483,-0.001890717974678328,67574.06497619044,66385.13843107657,67143.05550609053,67542.256937017,67659.62378370363,67459.22148813216,-77.59955473161244,-80.24368637031793,221.20214158854716,-17.145037151654833,-3.583981768169906,22.381192638495122,67757.84437927669,67159.09859698762,48.994862740927566,54.865768985033895,False,False,,,,
2024-05-29 21:30:00,67348.297,67463.539,67242.273,67449.336,1703,36421,0,2024-05-29 21:00:00,2024-05-29 21:00:00,-23.519345238179085,,67509.57646428572,-0.0017786188226021483,-0.001890717974678328,67574.06497619044,66385.13843107657,67143.05550609053,67527.96140824514,67644.0469108367,67469.32725180603,-76.9472361934022,-79.5843963349348,221.24732132470857,10.10576367386966,-17.145037151654833,-3.583981768169906,67769.51113559438,67170.64336801767,40.83777168771896,48.41550739864331,False,False,,,,
2024-05-29 21:45:00,67443.797,67508.141,67355.836,67426.234,1841,36421,0,2024-05-29 21:00:00,2024-05-29 21:00:00,-23.519345238179085,,67509.57646428572,-0.0017786188226021483,-0.001890717974678328,67574.06497619044,66385.13843107657,67143.05550609053,67512.3110377459,67627.9126211451,67461.1274186447,-76.56789269008732,-78.98109560596531,222.70154885995103,-8.19983316132857,10.10576367386966,-17.145037151654833,67761.77450960563,67158.98032768376,41.36564803726828,43.7327608219716,False,False,,,,
2024-05-29 22:00:00,67417.156,67567.438,67372.031,67557.039,1234,36421,0,2024-05-29 22:00:00,2024-05-29 22:00:00,-64.48851190471032,,67405.80520238097,-0.0011968830365312768,-0.001322918130176256,67509.57646428572,66542.05801434783,67402.34302996822,67519.19226270806,67622.6627232825,67486.0486068111,-72.02412711146462,-77.58970190706518,214.50043569377664,24.921188166408683,-8.19983316132857,10.10576367386966,67777.1241949977,67196.47301862451,54.251890450127604,45.485103391704946,True,False,68057.039,67157.039,67657.039,67707.039
2024-05-29 22:15:00,67557.641,67771.734,67496.297,67740.039,1140,36421,0,2024-05-29 22:00:00,2024-05-29 22:00:00,-64.48851190471032,,67405.80520238097,-0.0011968830365312768,-0.001322918130176256,67509.57646428572,66542.05801434783,67402.34302996822,67553.16868382989,67631.35726229861,67540.40157722728,-62.50130203802837,-74.57202193325782,176.71594127206512,54.35297041617741,24.921188166408683,-8.19983316132857,67780.46809794457,67301.83505651,71.54597818846537,55.721172225287084,False,False,,,,
2024-05-29 22:30:00,67736.492,67740.438,67385.344,67388.039,1740,36421,0,2024-05-29 22:00:00,2024-05-29 22:00:00,-64.48851190471032,,67405.80520238097,-0.0011968830365312768,-0.001322918130176256,67509.57646428572,66542.05801434783,67402.34302996822,67527.76411708683,67613.33368731353,67521.54919470243,-64.1201145027444,-72.48164044715513,173.55826660419697,-18.852382524855784,54.35297041617741,24.921188166408683,67755.85285461809,67285.74553478677,65.13705404835335,63.64497422898211,False,False,,,,
2024-05-29 22:45:00,67381.938,67469.836,67245.641,67297.734,1652,36421,0,2024-05-29 22:00:00,2024-05-29 22:00:00,-64.48851190471032,,67405.80520238097,-0.0011968830365312768,-0.001322918130176256,67509.57646428572,66542.05801434783,67402.34302996822,67492.37486830424,67589.9559326977,67498.31064121088,-67.66014271421591,-71.51734090056729,173.10606794736583,-23.23855349155201,-18.852382524855784,54.35297041617741,67732.00383293982,67263.11744948193,45.300246154867466,60.661092797228726,False,False,,,,
2024-05-29 23:00:00,67297.734,67365.141,67151.883,67305.539,1525,36421,0,2024-05-29 23:00:00,2024-05-29 23:00:00,-103.77126190475246,,67412.7231190476,-0.0004823447987547662,-0.0013229088705716079,67405.80520238097,66849.06107336986,67313.57485061974,67463.63088856512,67568.88801175712,67462.76713931888,-69.99691166284902,-71.21325505302364,164.64747858225874,-35.54350189199613,-23.23855349155201,-18.852382524855784,67685.04123540493,67238.99304323283,21.82950273729111,44.08893431350398,False,False,,,,
2024-05-29 23:15:00,67306.234,67351.438,67206.672,67314.539,1427,56421,0,2024-05-29 23:00:00,2024-05-29 23:00:00,-103.77126190475246,,67412.7231190476,-0.0004823447987547662,-0.0013229088705716079,67405.80520238097,66849.06107336986,67313.57485061974,67440.69367493973,67550.04734421957,67425.06209872715,-71.26861552636547,-71.22432714769201,149.83822072298318,-37.705040591725265,-35.54350189199613,-23.23855349155201,67627.34369670319,67221.28050075112,20.501773582890724,29.210507491683103,False,False,,,,
2024-05-29 23:30:00,67314.938,67432.438,67300.023,67403.438,1186,56421,0,2024-05-29 23:00:00,2024-05-29 23:00:00,-103.77126190475246,,67412.7231190476,-0.0004823447987547662,-0.0013229088705716079,67405.80520238097,66849.06107336986,67313.57485061974,67434.96203264131,67539.1873927959,67389.71289611282,-69.35002821413218,-70.84946736098004,146.74919139694836,-35.34920261433581,-37.705040591725265,-35.54350189199613,67587.8243044987,67190.10148772693,30.537822799350323,24.28969970651072,False,False,,,,
2024-05-29 23:45:00,67401.633,67518.234,67366.039,67485.711,997,56421,0,2024-05-29 23:00:00,2024-05-29 23:00:00,-103.77126190475246,,67412.7231190476,-0.0004823447987547662,-0.0013229088705716079,67405.80520238097,66849.06107336986,67313.57485061974,67442.76956608112,67535.22617851471,67380.07905366365,-64.93891303482815,-69.66735649574966,138.27327019471412,-9.633842449169606,-35.34920261433581,-37.705040591725265,67566.74796842651,67191.91013890078,40.22681795033514,30.42213811085873,False,False,,,,
2024-05-30 00:00:00,67488.039,67521.734,67397.203,67435.906,1281,56421,0,2024-05-30 00:00:00,2024-05-30 00:00:00,6.917916666629026,,67516.75996428574,0.0001538779280379432,-0.00034239025135632365,67412.7231190476,67205.44790878586,67730.85751880711,67441.71363283787,67527.86912825436,67382.43103646369,-62.22466076890123,-68.17881735037997,134.34696240086512,2.351982800042606,-9.633842449169606,-35.34920261433581,67565.29943570486,67201.06263722252,46.753493984844475,39.17271157817665,True,False,67935.906,67035.906,67535.906,67585.906
2024-05-30 00:15:00,67435.906,67561.438,67418.82,67442.977,1311,56421,0,2024-05-30 00:00:00,2024-05-30 00:00:00,6.917916666629026,,67516.75996428574,0.0001538779280379432,-0.00034239025135632365,67412.7231190476,67205.44790878586,67730.85751880711,67441.90799701665,67521.58082245773,67384.80396078432,-59.335519739455776,-66.41015782819514,132.6634716924701,2.372924320632592,2.351982800042606,-9.633842449169606,67565.39964756915,67205.7082739995,48.87975766219083,45.28668986579015,False,False,,,,
2024-05-30 00:30:00,67442.094,67686.055,67332.734,67603.578,1940,56421,0,2024-05-30 00:00:00,2024-05-30 00:00:00,6.917916666629026,,67516.75996428574,0.0001538779280379432,-0.00034239025135632365,67412.7231190476,67205.44790878586,67730.85751880711,67466.78030516794,67527.65468746086,67416.7667182662,-51.93046718927508,-63.51421970041113,127.85314153292529,31.96275748187327,2.372924320632592,2.351982800042606,67590.86845933564,67244.16497719675,55.21821642082796,50.28382268928775,False,False,,,,
2024-05-30 00:45:00,67603.641,67827.234,67594.336,67708.836,2350,56421,0,2024-05-30 00:00:00,2024-05-30 00:00:00,6.917916666629026,,67516.75996428574,0.0001538779280379432,-0.00034239025135632365,67412.7231190476,67205.44790878586,67730.85751880711,67504.0196428344,67541.07552542673,67477.34010491915,-42.3402230218926,-59.27942036470743,136.40990842031775,60.5733866529481,31.96275748187327,2.372924320632592,67662.99348128657,67293.18672855172,67.4340493185919,57.17734113387022,False,False,,,,
2024-05-30 01:00:00,67707.602,67725.141,67608.953,67634.938,1706,56421,0,2024-05-30 01:00:00,2024-05-30 01:00:00,104.03684523813718,,67594.46080952375,0.00014890842174195186,-6.750049207949457e-05,67516.75996428574,67213.12268640219,67840.76936927377,67524.16092855218,67548.02830132104,67513.76173925007,-36.084339229608304,-54.640404137687604,138.77647074688383,36.42163433092355,60.5733866529481,31.96275748187327,67702.60997475836,67326.41350374177,75.62224223351308,66.09150265764431,False,False,,,,
2024-05-30 01:15:00,67634.938,67860.336,67634.938,67773.039,1387,36421,0,2024-05-30 01:00:00,2024-05-30 01:00:00,104.03684523813718,,67594.46080952375,0.00014890842174195186,-6.750049207949457e-05,67516.75996428574,67213.12268640219,67840.76936927377,67562.44986262108,67564.69576048246,67582.73218541447,-26.626743143235217,-49.037671938797125,139.06130714056937,68.97044616439962,36.42163433092355,60.5733866529481,67771.96495005424,67394.9994207747,80.55766037962373,74.5379839772429,False,False,,,,
2024-05-30 01:30:00,67773.039,67800.938,67696.938,67733.039,1205,36421,0,2024-05-30 01:00:00,2024-05-30 01:00:00,104.03684523813718,,67594.46080952375,0.00014890842174195186,-6.750049207949457e-05,67516.75996428574,67213.12268640219,67840.76936927377,67588.69434529476,67577.16563007636,67627.9342672858,-19.614127126536914,-43.15296297634508,142.7433539939633,45.202081871335395,68.97044616439962,36.42163433092355,67822.13779517765,67435.23073939396,80.4120012342973,78.8639679491447,False,False,,,,
2024-05-30 01:45:00,67733.039,67753.734,67651.203,67702.336,1275,36421,0,2024-05-30 01:00:00,2024-05-30 01:00:00,104.03684523813718,,67594.46080952375,0.00014890842174195186,-6.750049207949457e-05,67516.75996428574,67213.12268640219,67840.76936927377,67606.17767678788,67586.43750932996,67651.73535190921,-14.445056921147625,-37.41138176530559,145.7741660732092,23.801084623410134,45.202081871335395,68.97044616439962,67850.03047610805,67454.94022771038,82.46912639229485,81.14626266873863,False,False,,,,
2024-05-30 02:00:00,67702.336,67735.438,67638.281,67666.531,972,36421,0,2024-05-30 02:00:00,2024-05-30 02:00:00,77.70084523801052,-360.6955082516215,67622.2854404762,0.000571643264371852,0.00027393492237762847,67594.46080952375,67425.80079868413,67954.98895162017,67615.46280343589,67592.3703604907,67672.03561850706,-11.011349656138918,-32.13137534347226,148.05747372771643,20.300266597841983,23.801084623410134,45.202081871335395,67873.41320803948,67472.15802897463,77.45783182982318,80.11298648547178,False,False,,,,
2024-05-30 02:15:00,67666.984,67757.141,67662.477,67736.438,710,36421,0,2024-05-30 02:00:00,2024-05-30 02:00:00,77.70084523801052,-360.6955082516215,67622.2854404762,0.000571643264371852,0.00027393492237762847,67594.46080952375,67425.80079868413,67954.98895162017,67634.07437213806,67603.0420374914,67699.94183660127,-6.044518444075948,-26.914003963592997,153.56779650011615,27.906218094212818,20.300266597841983,23.801084623410134,67908.75836187642,67492.62531132612,77.61775775292558,79.18157199168121,False,False,,,,
2024-05-30 02:30:00,67736.078,67736.438,67588.438,67682.438,855,36421,0,2024-05-30 02:00:00,2024-05-30 02:00:00,77.70084523801052,-360.6955082516215,67622.2854404762,0.000571643264371852,0.00027393492237762847,67594.46080952375,67425.80079868413,67954.98895162017,67641.51493027066,67608.92321989944,67724.90995700036,-3.354784668510547,-22.202160104576507,154.44737777567224,24.968120399091276,27.906218094212818,20.300266597841983,67934.91391699752,67516.4059970032,75.97995884439946,77.01851614238274,False,False,,,,
2024-05-30 02:45:00,67682.438,67720.539,67638.844,67668.539,1104,36421,0,2024-05-30 02:00:00,2024-05-30 02:00:00,77.70084523801052,-360.6955082516215,67622.2854404762,0.000571643264371852,0.00027393492237762847,67594.46080952375,67425.80079868413,67954.98895162017,67645.67247945978,67613.3392036106,67762.08103199174,-1.4592679903144017,-18.053581681724086,156.53935185403677,37.17107499137637,24.968120399091276,27.906218094212818,67974.90915699469,67550.75290698878,73.6885429571068,75.76208651814395,False,False,,,,
2024-05-30 03:00:00,67639.375,67806.938,67638.195,67770.336,1129,36421,0,2024-05-30 03:00:00,2024-05-30 03:00:00,27.824630952454754,-336.12945898740145,67636.91417857143,0.0010698972380906548,0.000428318100556575,67622.2854404762,67737.86871771762,68038.60315983497,67664.85148261982,67624.96859593573,67787.199498796,3.0591414458322106,-13.831037056212827,161.88919290330182,25.1184668042697,37.17107499137637,24.968120399091276,68007.24990921546,67568.64908837655,73.83194793228326,74.50014991126318,False,False,,,,
2024-05-30 03:15:00,67770.336,67858.734,67713.164,67755.336,1120,36421,0,2024-05-30 03:00:00,2024-05-30 03:00:00,27.824630952454754,-336.12945898740145,67636.91417857143,0.0010698972380906548,0.000428318100556575,67622.2854404762,67737.86871771762,68038.60315983497,67678.7721776014,67634.62544068124,67795.32983522533,6.42669264304277,-9.779491116361708,166.2845540949315,8.130336429327144,25.1184668042697,37.17107499137637,68021.3139832535,67570.84568719717,76.26999669526157,74.59682919488388,False,False,,,,
2024-05-30 03:30:00,67750.406,67750.406,67667.039,67734.938,1122,36421,0,2024-05-30 03:00:00,2024-05-30 03:00:00,27.824630952454754,-336.12945898740145,67636.91417857143,0.0010698972380906548,0.000428318100556575,67622.2854404762,67737.86871771762,68038.60315983497,67687.41307335503,67642.05600063078,67793.27356277948,8.646798145171488,-6.0942332640550685,164.01194270094547,-2.0562724458577577,8.130336429327144,25.1184668042697,68014.68968542575,67570.3574401332,79.75759505586903,76.61984656113795,False,False,,,,
2024-05-30 03:45:00,67734.938,67793.336,67561.836,67600.836,1691,36421,0,2024-05-30 03:00:00,2024-05-30 03:00:00,27.824630952454754,-336.12945898740145,67636.91417857143,0.0010698972380906548,0.000428318100556575,67622.2854404762,67737.86871771762,68038.60315983497,67674.0935236081,67639.00266725072,67760.29866529074,6.63516788254492,-3.5483530347350714,161.8961506137153,-32.974897488733404,-2.0562724458577577,8.130336429327144,67978.85846861926,67540.23886196222,69.04876529404096,75.02545234839052,False,False,,,,
2024-05-30 04:00:00,67600.836,67755.836,67482.203,67718.641,1351,36421,0,2024-05-30 04:00:00,2024-05-30 04:00:00,14.628738095227163,-318.452828264868,67733.49310714281,0.000983341193692981,0.0004322010803061927,67636.91417857143,67756.78900715023,68068.9764817221,67680.94698151454,67644.90180300993,67753.07185483322,8.260186975821853,-1.1866450326236868,160.6765701041378,-7.226810457519605,-32.974897488733404,-2.0562724458577577,67969.98522447381,67534.65848519263,63.19179862554378,70.66605299181793,False,False,,,,
2024-05-30 04:15:00,67718.641,67733.734,67619.977,67664.039,1222,36421,0,2024-05-30 04:00:00,2024-05-30 04:00:00,14.628738095227163,-318.452828264868,67733.49310714281,0.000983341193692981,0.0004322010803061927,67636.91417857143,67756.78900715023,68068.9764817221,67678.34575358922,67646.31937315734,67738.2760712074,8.01992254680954,0.6546684832629583,161.06369401708858,-14.795783625828335,-7.226810457519605,-32.974897488733404,67955.71205813046,67519.34008428433,53.810258292812875,62.01694073746588,False,False,,,,
2024-05-30 04:30:00,67666.539,67770.734,67643.531,67770.734,1056,36421,0,2024-05-30 04:00:00,2024-05-30 04:00:00,14.628738095227163,-318.452828264868,67733.49310714281,0.000983341193692981,0.0004322010803061927,67636.91417857143,67756.78900715023,68068.9764817221,67692.55932996012,67655.53527144199,67736.12878775367,10.814541012790869,2.686642989168541,162.29820588301942,-2.147283453727141,-14.795783625828335,-7.226810457519605,67955.23136569574,67515.52620981159,62.306560566433774,59.76953916159681,False,False,,,,
2024-05-30 04:45:00,67765.977,67894.938,67731.836,67824.336,1345,36421,0,2024-05-30 04:00:00,2024-05-30 04:00:00,14.628738095227163,-318.452828264868,67733.49310714281,0.000983341193692981,0.0004322010803061927,67636.91417857143,67756.78900715023,68068.9764817221,67712.8326638124,67668.03902911294,67739.47621155831,14.637263012555195,5.076766993845872,162.02055965013096,3.3474238046474056,-2.147283453727141,-14.795783625828335,67959.703967086,67520.74845603063,69.09535185321216,61.737390237486274,False,False,,,,
2024-05-30 05:00:00,67823.641,67981.734,67803.203,67894.641,1416,36421,0,2024-05-30 05:00:00,2024-05-30 05:00:00,96.57892857138359,-283.14546427126334,67834.36698809524,0.0009794934704188082,0.0009650624675613013,67733.49310714281,67821.76666182304,68503.64752809916,67740.80317707203,67684.82436028976,67764.77225283797,19.78111865038227,8.017637325153153,156.85078185945693,25.296041279652854,3.3474238046474056,-2.147283453727141,67978.02080834823,67553.0236973277,80.58775315477709,70.66322185814101,False,False,,,,
2024-05-30 05:15:00,67896.836,68121.734,67896.836,68121.734,1465,36421,0,2024-05-30 05:00:00,2024-05-30 05:00:00,96.57892857138359,-283.14546427126334,67834.36698809524,0.0009794934704188082,0.0009650624675613013,67733.49310714281,67821.76666182304,68503.64752809916,67799.40791906095,67717.18803730533,67837.69106157556,30.487595991202397,12.511629058363003,168.56518869957878,72.9188087375951,25.296041279652854,3.3474238046474056,68066.75406631999,67610.12805683113,88.48638494130005,79.38982998309643,False,False,,,,
2024-05-30 05:30:00,68119.602,68231.734,68060.938,68085.641,1921,36421,0,2024-05-30 05:00:00,2024-05-30 05:00:00,96.57892857138359,-283.14546427126334,67834.36698809524,0.0009794934704188082,0.0009650624675613013,67733.49310714281,67821.76666182304,68503.64752809916,67843.44377766697,67744.48084935678,67890.70210629524,38.30382069175539,17.67006738504148,170.60259640060235,53.011044719678466,72.9188087375951,25.296041279652854,68122.51561143606,67660.38860115442,87.69126360497069,85.58846723368261,False,False,,,,
2024-05-30 05:45:00,68091.039,68099.641,67958.836,67961.836,1579,36421,0,2024-05-30 05:00:00,2024-05-30 05:00:00,96.57892857138359,-283.14546427126334,67834.36698809524,0.0009794934704188082,0.0009650624675613013,67733.49310714281,67821.76666182304,68503.64752809916,67861.6579657182,67760.58123088592,67926.2048300654,41.12370364085655,22.360794636204496,166.0005843568878,35.5027237701579,53.011044719678466,72.9188087375951,68151.8056189472,67702.1040411836,81.49994240843083,85.89253031823387,False,False,,,,
2024-05-30 06:00:00,67961.734,68032.836,67933.109,67966.336,1218,36421,0,2024-05-30 06:00:00,2024-05-30 06:00:00,100.87388095242204,-241.2876096976688,67943.6353214286,0.000979468550961304,0.0011911456217096736,67834.36698809524,67888.34710019614,68649.96548444609,67877.76227868463,67775.82232489437,67955.96697420019,43.37240667951119,26.563117044865834,164.70674300782588,29.762144134787377,35.5027237701579,53.011044719678466,68179.82107726076,67733.61287113962,69.69709502786884,79.62943368042345,False,False,,,,
2024-05-30 06:15:00,67966.336,68059.641,67959.891,68028.039,1178,36421,0,2024-05-30 06:00:00,2024-05-30 06:00:00,100.87388095242204,-241.2876096976688,67943.6353214286,0.000979468550961304,0.0011911456217096736,67834.36698809524,67888.34710019614,68649.96548444609,67900.8817742716,67794.50504156886,67990.85504506358,46.758873964994564,30.60226842889158,160.7358531067378,34.888070863395114,29.762144134787377,35.5027237701579,68209.34844675768,67773.86164336948,67.13540422833336,72.77748055487767,False,False,,,,
2024-05-30 06:30:00,68028.039,68118.836,68016.602,68041.836,1574,36421,0,2024-05-30 06:00:00,2024-05-30 06:00:00,100.87388095242204,-241.2876096976688,67943.6353214286,0.000979468550961304,0.0011911456217096736,67834.36698809524,67888.34710019614,68649.96548444609,67922.56703976828,67812.8258533045,68020.00689404884,49.715875711044646,34.42498988532219,154.4701246587244,29.151848985260585,34.888070863395114,29.762144134787377,68230.04156233813,67811.47222575956,70.69318458253707,69.17522794624642,False,False,,,,
2024-05-30 06:45:00,68037.094,68202.852,68035.039,68137.734,1441,36421,0,2024-05-30 06:00:00,2024-05-30 06:00:00,100.87388095242204,-241.2876096976688,67943.6353214286,0.000979468550961304,0.0011911456217096736,67834.36698809524,67888.34710019614,68649.96548444609,67955.66964903471,67836.89312343008,68067.69161162709,54.63718591112411,38.467429090482575,163.70553556493627,47.68471757824591,29.151848985260585,34.888070863395114,68290.19408463975,67846.68913861443,78.3156400469097,72.04807628592671,False,False,,,,
2024-05-30 07:00:00,68138.641,68158.539,67994.938,68048.141,1291,36421,0,2024-05-30 07:00:00,2024-05-30 07:00:00,109.26833333336981,-191.71152865342447,68049.22651190471,0.0009020482949299312,0.0013175745881083966,67943.6353214286,67917.44830183772,68828.91474732755,67969.89601072167,67852.54111428712,68087.45719883042,55.8862562012946,41.95119451264498,168.50398982858903,19.7655872033356,47.68471757824591,29.151848985260585,68316.43758509902,67859.97681256183,79.2096213054122,76.07281531161966,False,False,,,,
2024-05-30 07:15:00,68048.438,68263.234,68048.438,68242.836,1011,36421,0,2024-05-30 07:00:00,2024-05-30 07:00:00,109.26833333336981,-191.71152865342447,68049.22651190471,0.0009020482949299312,0.0013175745881083966,67943.6353214286,67917.44830183772,68828.91474732755,68011.88677830296,67881.45184656214,68136.7240970072,62.148907581547974,45.990737126425586,182.6186523647772,49.26689817677834,19.7655872033356,47.68471757824591,68384.75927769965,67890.18891631476,86.78425477501246,81.43650537577811,False,False,,,,
2024-05-30 07:30:00,68242.938,68455.039,68169.836,68245.938,1693,36421,0,2024-05-30 07:00:00,2024-05-30 07:00:00,109.26833333336981,-191.71152865342447,68049.22651190471,0.0009020482949299312,0.0013175745881083966,67943.6353214286,67917.44830183772,68828.91474732755,68047.89465856404,67908.45082089087,68186.9961981424,67.13140107991057,50.21886991712259,197.82665604619075,50.27210113519686,49.26689817677834,19.7655872033356,68455.56218380475,67919.93021248005,82.61792113868762,82.87059907303741,False,False,,,,
2024-05-30 07:45:00,68242.148,68242.539,68147.211,68196.141,1416,36421,0,2024-05-30 07:00:00,2024-05-30 07:00:00,109.26833333336981,-191.71152865342447,68049.22651190471,0.0009020482949299312,0.0013175745881083966,67943.6353214286,67917.44830183772,68828.91474732755,68070.70178801572,67929.76120452858,68219.21475335395,69.48983748754836,54.07306343120774,205.7818749685016,32.21855521155521,50.27210113519686,49.26689817677834,68498.52028456143,67941.40922214648,80.14827550204365,83.18348380524792,False,False,,,,
2024-05-30 08:00:00,68191.953,68220.141,68051.836,68063.234,1347,36421,0,2024-05-30 08:00:00,2024-05-30 08:00:00,105.59119047610147,-146.0258750871144,68132.9362023809,0.001364830588933437,0.0014558600422097704,68049.22651190471,68234.87399413667,68968.26337145422,68069.55289755177,67939.6480782672,68217.87173271413,67.24285783503728,56.70702231197365,204.67648891584778,-1.3430206398188602,32.21855521155521,50.27210113519686,68494.18499275052,67940.05847267775,62.960050339904846,75.2420823268787,False,False,,,,
2024-05-30 08:15:00,68063.234,68131.141,67977.188,68119.336,831,36421,0,2024-05-30 08:00:00,2024-05-30 08:00:00,105.59119047610147,-146.0258750871144,68132.9362023809,0.001364830588933437,0.0014558600422097704,68049.22651190471,68234.87399413667,68968.26337145422,68077.21183638995,67952.95829469185,68209.67457929137,66.52138385649596,58.66989462087812,202.71178028427448,-8.197153422763222,-1.3430206398188602,32.21855521155521,68483.33548267515,67934.5136759076,54.13972773920242,65.74935119371698,False,False,,,,
2024-05-30 08:30:00,68120.641,68148.734,68082.07,68119.938,652,36421,0,2024-05-30 08:00:00,2024-05-30 08:00:00,105.59119047610147,-146.0258750871144,68132.9362023809,0.001364830588933437,0.0014558600422097704,68049.22651190471,68234.87399413667,68968.26337145422,68083.78509232996,67965.32716175172,68204.34330753353,65.50698117076536,60.037311930855566,202.50014852509918,-5.331271757837385,-8.197153422763222,-1.3430206398188602,68477.71850804242,67929.46810702464,44.76346697753362,53.9544150188803,False,False,,,,
2024-05-30 08:45:00,68124.836,68169.734,68109.023,68161.734,489,36421,0,2024-05-30 08:00:00,2024-05-30 08:00:00,105.59119047610147,-146.0258750871144,68132.9362023809,0.001364830588933437,0.0014558600422097704,68049.22651190471,68234.87399413667,68968.26337145422,68095.7772319715,67979.87581643678,68195.62522015822,65.42862854617124,61.1155752539187,199.9154488972315,-8.718087375309551,-5.331271757837385,-8.197153422763222,68465.51107616948,67924.23936414697,44.09017310423744,47.664455940324494,False,False,,,,
2024-05-30 09:00:00,68162.141,68206.641,67915.141,67968.336,1803,36421,0,2024-05-30 09:00:00,2024-05-30 09:00:00,83.70969047618564,-111.31287727775634,68088.49377380949,0.0008047772068978437,0.001638545842977206,68132.9362023809,67980.16451749398,69146.11939077471,68076.17088859127,67979.02101521924,68152.77437839704,59.42138710098516,60.77673762333199,190.62227891747727,-42.85084176118835,-8.718087375309551,-5.331271757837385,68410.11445493562,67893.93430185845,31.208150260092356,40.02059678062114,False,True,67468.336,68368.336,67868.336,67818.336
2024-05-30 09:15:00,67968.336,68043.234,67803.977,67943.141,1645,36421,0,2024-05-30 09:00:00,2024-05-30 09:00:00,83.70969047618564,-111.31287727775634,68088.49377380949,0.0008047772068978437,0.001638545842977206,68132.9362023809,67980.16451749398,69146.11939077471,68055.70475188491,67976.36323631411,68107.05458651537,53.251469645052566,59.27168402767611,186.1728178823183,-45.719791881667334,-42.85084176118835,-8.718087375309551,68358.3878906565,67854.22128237424,25.010492204991703,33.4362718564405,False,False,,,,
2024-05-30 09:30:00,67937.039,67997.539,67754.938,67988.938,2180,36421,0,2024-05-30 09:00:00,2024-05-30 09:00:00,83.70969047618564,-111.31287727775634,68088.49377380949,0.0008047772068978437,0.001638545842977206,68132.9362023809,67980.16451749398,69146.11939077471,68045.43294390262,67977.29470029083,68074.49904403159,49.01169827180274,57.21968687650144,180.3759077506106,-32.5555424837803,-45.719791881667334,-42.85084176118835,68318.00651949491,67829.49156856826,21.55048622847288,25.923042897852312,False,False,,,,
2024-05-30 09:45:00,67991.734,68040.836,67758.039,67860.938,2265,36421,0,2024-05-30 09:00:00,2024-05-30 09:00:00,83.70969047618564,-111.31287727775634,68088.49377380949,0.0008047772068978437,0.001638545842977206,68132.9362023809,67980.16451749398,69146.11939077471,68017.04910637914,67968.67568545448,68037.3103309253,41.46311864696327,54.06837323059381,174.74198927806975,-37.1887131062831,-32.5555424837803,-45.719791881667334,68273.2120164507,67799.9086453999,23.31311474586853,23.29136439311104,False,False,,,,
2024-05-30 10:00:00,67855.617,67957.438,67735.242,67904.734,2060,36421,0,2024-05-30 10:00:00,2024-05-30 10:00:00,-44.44242857140489,-106.8426838114101,67946.01694047615,0.0001289550159050197,0.0009642678443979756,68088.49377380949,67570.97206656265,68927.1954303693,67999.76985924388,67963.93926430971,68009.0518228414,36.076818908855785,50.47006236624621,156.03861662606917,-28.258508083905326,-37.1887131062831,-32.5555424837803,68219.70395528659,67796.89969039621,24.037205325145692,22.966935433162366,False,True,67404.734,68304.734,67804.734,67754.734
2024-05-30 10:15:00,67899.313,67945.336,67734.242,67814.836,1884,36421,0,2024-05-30 10:00:00,2024-05-30 10:00:00,-44.44242857140489,-106.8426838114101,67946.01694047615,0.0001289550159050197,0.0009642678443979756,68088.49377380949,67570.97206656265,68927.1954303693,67971.31849628329,67952.89457806454,67955.44215307881,28.730814565496985,46.12221280609637,149.79130605621805,-53.609669762590784,-28.258508083905326,-37.1887131062831,68157.6604162547,67751.72388990292,16.623033740826394,21.32445127061354,False,False,,,,
2024-05-30 10:30:00,67814.789,68002.539,67799.641,68000.234,1225,36421,0,2024-05-30 10:00:00,2024-05-30 10:00:00,-44.44242857140489,-106.8426838114101,67946.01694047615,0.0001289550159050197,0.0009642678443979756,68088.49377380949,67570.97206656265,68927.1954303693,67975.76703531662,67956.40120191162,67939.2141523907,27.64218985293701,42.426208215464506,131.71900034629988,-16.228000688104657,-53.609669762590784,-28.258508083905326,68117.03480285821,67759.8935019232,23.87697099856373,21.512403354845272,False,False,,,,
2024-05-30 10:45:00,67993.703,68074.336,67535.078,67609.641,2573,36421,0,2024-05-30 10:00:00,2024-05-30 10:00:00,-44.44242857140489,-106.8426838114101,67946.01694047615,0.0001289550159050197,0.0009642678443979756,68088.49377380949,67570.97206656265,68927.1954303693,67919.43995296021,67930.71526102928,67855.01401410386,15.387600795002072,37.01848673137202,147.4457986272967,-84.2001382868475,-16.228000688104657,-53.609669762590784,68054.06584225071,67654.462185957,18.729578644918817,19.743194461436314,False,False,,,,
2024-05-30 11:00:00,67605.867,67669.336,67211.539,67213.734,2744,36421,0,2024-05-30 11:00:00,2024-05-30 11:00:00,-142.47683333333407,-122.16929937126406,67829.17341666669,-0.0007088154347303719,-0.0007062274402941683,67946.01694047615,66953.27908852433,68063.39551261939,67810.86980635094,67877.60553799008,67704.46523598208,-6.3700464780122275,28.340780089495173,215.18571018043974,-150.54877812178165,-84.2001382868475,-16.228000688104657,67994.96594472567,67412.46452723848,15.073467308538033,19.226672317340192,False,False,,,,
2024-05-30 11:15:00,67213.734,67429.664,67148.836,67396.234,2402,36421,0,2024-05-30 11:00:00,2024-05-30 11:00:00,-142.47683333333407,-122.16929937126406,67829.17341666669,-0.0007088154347303719,-0.0007062274402941683,67946.01694047615,66953.27908852433,68063.39551261939,67747.07968229694,67841.94838702785,67609.66240144479,-19.488440388071467,18.774935993981845,245.325642521389,-94.80283453728771,-150.54877812178165,-84.2001382868475,67940.85201884866,67276.97278404092,10.470353667168904,14.757799873541918,False,False,,,,
2024-05-30 11:30:00,67396.734,67585.039,67396.734,67585.039,1474,36421,0,2024-05-30 11:00:00,2024-05-30 11:00:00,-142.47683333333407,-122.16929937126406,67829.17341666669,-0.0007088154347303719,-0.0007062274402941683,67946.01694047615,66953.27908852433,68063.39551261939,67722.15034655895,67822.91806206283,67553.47177261784,-25.048030544581707,10.010342686269137,254.76338943883607,-56.19062882695289,-94.80283453728771,-150.54877812178165,67897.40234836027,67208.0411968754,21.514220280384166,15.686013752030368,False,False,,,,
2024-05-30 11:45:00,67581.539,67799.141,67482.836,67705.039,1647,36421,0,2024-05-30 11:00:00,2024-05-30 11:00:00,-142.47683333333407,-122.16929937126406,67829.17341666669,-0.0007088154347303719,-0.0007062274402941683,67946.01694047615,66953.27908852433,68063.39551261939,67719.51783170372,67814.1862796878,67544.72127450981,-26.155189022480045,2.7772363445193013,257.5633979907138,-8.750498108027386,-56.19062882695289,-94.80283453728771,67892.43186179727,67195.51068722234,38.9702079822452,23.65159397659942,False,False,,,,
2024-05-30 12:00:00,67705.039,67750.039,67600.938,67741.141,1309,36421,0,2024-05-30 12:00:00,2024-05-30 12:00:00,-116.84352380946802,-125.17499191107345,67759.95423809516,-0.0016179199533109083,-0.0017422502163778105,67829.17341666669,66594.92469576975,67375.44113697672,67722.84447298007,67808.77551822943,67551.33558032333,-25.89257244177861,-2.9567254127402816,260.2998903677683,6.614305813520332,-8.750498108027386,-56.19062882695289,67904.24043231981,67199.93072832684,49.93708670312625,36.80717165525187,False,False,,,,
2024-05-30 12:15:00,67741.141,67790.039,67592.914,67601.141,1826,36421,0,2024-05-30 12:00:00,2024-05-30 12:00:00,-116.84352380946802,-125.17499191107345,67759.95423809516,-0.0016179199533109083,-0.0017422502163778105,67829.17341666669,66594.92469576975,67375.44113697672,67704.12086175237,67793.39518354577,67535.00866253868,-29.506410043832147,-8.266662338958655,267.9668822535183,-16.326917784652323,6.614305813520332,-8.750498108027386,67896.76395358093,67171.75337149642,50.444489611349674,46.450594765573705,False,False,,,,
2024-05-30 12:30:00,67597.695,67676.734,67485.773,67602.836,1610,36421,0,2024-05-30 12:00:00,2024-05-30 12:00:00,-116.84352380946802,-125.17499191107345,67759.95423809516,-0.0016179199533109083,-0.0017422502163778105,67829.17341666669,66594.92469576975,67375.44113697672,67688.53857532893,67779.2796884683,67516.04803921569,-32.32232427260897,-13.077794725688719,273.5665322042814,-18.960623322986066,-16.326917784652323,6.614305813520332,67885.36285769146,67145.23322073992,49.26905691047315,49.88354440831636,False,False,,,,
2024-05-30 12:45:00,67603.039,67789.039,67582.063,67770.734,1111,36421,0,2024-05-30 12:00:00,2024-05-30 12:00:00,-116.84352380946802,-125.17499191107345,67759.95423809516,-0.0016179199533109083,-0.0017422502163778105,67829.17341666669,66594.92469576975,67375.44113697672,67701.18402527833,67778.64667450769,67540.76734502924,-29.697900578335975,-16.40181589621817,272.77284232116745,24.71930581354536,-18.960623322986066,-16.326917784652323,67910.51068216281,67172.52400789566,53.00309509028705,50.90554720403662,False,False,,,,
2024-05-30 13:00:00,67769.469,67781.836,67623.992,67624.008,1138,36421,0,2024-05-30 13:00:00,2024-05-30 13:00:00,-69.21917857152584,-120.86275681365805,67775.8368452381,-0.0023243477468021536,-0.0010534727448349753,67759.95423809516,66200.29302027084,67728.56272305874,67689.31079062012,67767.1919578775,67543.48055452356,-31.48533389950171,-19.41851949687488,272.02818619725105,2.713209494322655,24.71930581354536,-18.960623322986066,67912.21860588985,67176.24250315726,55.86421754006867,52.712123180276286,True,False,68124.008,67224.008,67724.008,67774.008
2024-05-30 13:15:00,67621.836,67726.539,67557.039,67712.539,927,36421,0,2024-05-30 13:00:00,2024-05-30 13:00:00,-69.21917857152584,-120.86275681365805,67775.8368452381,-0.0023243477468021536,-0.0010534727448349753,67759.95423809516,66200.29302027084,67728.56272305874,67692.88436129395,67763.14359062731,67574.26237426898,-30.26535801262071,-21.587887200024046,270.6918899458166,30.781819745418034,2.713209494322655,24.71930581354536,67941.19642569583,67208.82832284212,59.815343057807155,56.22755189605429,False,False,,,,
2024-05-30 13:30:00,67712.539,68010.539,67712.539,67949.336,1611,36421,0,2024-05-30 13:00:00,2024-05-30 13:00:00,-69.21917857152584,-120.86275681365805,67775.8368452381,-0.0023243477468021536,-0.0010534727448349753,67759.95423809516,66200.29302027084,67728.56272305874,67732.33845955643,67776.93562095122,67638.61401685586,-22.27736657790956,-21.72578307560115,258.95042662467984,64.35164258688746,30.781819745418034,2.713209494322655,67989.69709279918,67289.03094091255,66.24797406807183,60.64251155531588,False,False,,,,
2024-05-30 13:45:00,67949.336,68024.336,67852.836,67957.539,1379,36421,0,2024-05-30 13:00:00,2024-05-30 13:00:00,-69.21917857152584,-120.86275681365805,67775.8368452381,-0.0023243477468021536,-0.0010534727448349753,67759.95423809516,66200.29302027084,67728.56272305874,67766.98469654775,67790.3136490289,67702.48941658069,-15.15613656269852,-20.411853773020628,246.02658977363123,63.87539972482773,64.35164258688746,30.781819745418034,68036.1253127751,67370.35352038628,78.26061588330693,68.10797766972864,False,False,,,,
2024-05-30 14:00:00,67955.43,68030.641,67911.945,67987.938,1329,36421,0,2024-05-30 14:00:00,2024-05-30 14:00:00,15.88260714293574,-101.2050483263447,67777.10351190479,-0.0014312644238067352,-0.0006690666776401657,67775.8368452381,66467.56461835332,67947.20107097097,67800.97751246348,67804.95248984157,67776.0212139663,-8.177881143114064,-17.965059247039317,236.24895948503485,73.53179738561448,63.87539972482773,64.35164258688746,68096.4573092711,67457.0851186615,88.17954258959146,77.56271084699007,True,False,68487.938,67587.938,68087.938,68137.938
2024-05-30 14:15:00,67988.039,68135.836,67870.0,68109.109,1711,36421,0,2024-05-30 14:00:00,2024-05-30 14:00:00,15.88260714293574,-101.2050483263447,67777.10351190479,-0.0014312644238067352,-0.0006690666776401657,67775.8368452381,66467.56461835332,67947.20107097097,67848.38235669986,67827.48260170515,67860.53134778123,1.2288195041764993,-14.126283496796155,238.41676757188955,84.51013381492521,73.53179738561448,63.87539972482773,68183.89398400328,67538.66871155918,91.77897929704228,86.07304592331356,False,False,,,,
2024-05-30 14:30:00,68110.0,68129.641,67941.461,67995.234,1888,36421,0,2024-05-30 14:00:00,2024-05-30 14:00:00,15.88260714293574,-101.2050483263447,67777.10351190479,-0.0014312644238067352,-0.0006690666776401657,67775.8368452381,66467.56461835332,67947.20107097097,67870.97491720757,67839.90863120847,67923.89736085312,5.910882149168174,-10.11885036760329,233.11260121468055,63.36601307189267,84.51013381492521,73.53179738561448,68240.09937249294,67609.1953492133,91.2371429885103,90.39855495838135,False,False,,,,
2024-05-30 14:45:00,67995.234,67998.039,67834.484,67837.539,1238,36421,0,2024-05-30 14:00:00,2024-05-30 14:00:00,15.88260714293574,-101.2050483263447,67777.10351190479,-0.0014312644238067352,-0.0006690666776401657,67775.8368452381,66467.56461835332,67947.20107097097,67865.83092994487,67839.7331029708,67948.12630890947,5.32152309922094,-7.030775674238445,224.29295456844756,24.2289480563486,63.36601307189267,84.51013381492521,68252.42179757687,67645.33082024207,80.89577504419454,87.97063244324904,False,False,,,,
2024-05-30 15:00:00,67837.539,68027.734,67774.234,67981.836,1326,36421,0,2024-05-30 15:00:00,2024-05-30 15:00:00,1.26666666669189,-94.2230254564929,67911.45511904759,0.0005499097297048975,0.00029215287253217445,67777.10351190479,67449.48994796869,68441.72292981633,67883.67786379952,67850.25924349148,68015.97128758176,8.91282610403141,-3.842055318584474,214.95095918772523,67.8449786722922,24.2289480563486,63.36601307189267,68307.65508248519,67725.78749267834,73.9372556395606,82.02339122408848,False,False,,,,
2024-05-30 15:15:00,67973.563,68089.641,67927.039,68045.648,1422,36421,0,2024-05-30 15:00:00,2024-05-30 15:00:00,1.26666666669189,-94.2230254564929,67911.45511904759,0.0005499097297048975,0.00029215287253217445,67777.10351190479,67449.48994796869,68441.72292981633,67908.5963462919,67864.73248471433,68060.30195596835,13.712092602683697,-0.33122573433083957,218.08978693921046,44.33066838658124,67.8449786722922,24.2289480563486,68356.22316833628,67765.88074360041,74.06114158378146,76.2980574225122,False,False,,,,
2024-05-30 15:30:00,68046.336,68303.039,67881.914,68245.234,3022,36421,0,2024-05-30 15:00:00,2024-05-30 15:00:00,1.26666666669189,-94.2230254564929,67911.45511904759,0.0005499097297048975,0.00029215287253217445,67777.10351190479,67449.48994796869,68441.72292981633,67960.38675455468,67892.9177821429,68099.0059325766,23.380202772314078,4.411059966998144,234.26137655599055,38.703976608259836,44.33066838658124,67.8449786722922,68416.7587909272,67782.75307422601,85.15661141425248,77.71833621253153,False,False,,,,
2024-05-30 15:45:00,68255.539,68359.141,68136.836,68158.156,2861,36421,0,2024-05-30 15:00:00,2024-05-30 15:00:00,1.26666666669189,-94.2230254564929,67911.45511904759,0.0005499097297048975,0.00029215287253217445,67777.10351190479,67449.48994796869,68441.72292981633,67990.8127923155,67912.56505753973,68122.14646508433,28.907996104317135,9.310447194461942,241.97531193724734,23.14053250772122,38.703976608259836,44.33066838658124,68450.3131361996,67795.47979396905,85.34688635086242,81.52154644963213,False,False,,,,
2024-05-30 16:00:00,68164.336,68238.734,68064.938,68215.734,1806,36421,0,2024-05-30 16:00:00,2024-05-30 16:00:00,134.3516071428021,-62.10272804614215,68199.87911904756,0.0021454860896942558,0.0010470367393710372,67911.45511904759,68476.87192745895,69006.68952948478,68025.41605503618,67935.02201624049,68161.54364430692,35.037453355427715,14.455848426655097,254.76187998284914,39.39717922259297,23.14053250772122,38.703976608259836,68506.97218228376,67817.61510633008,84.01183103195102,84.8384429323553,False,False,,,,
2024-05-30 16:15:00,68218.039,68396.438,68208.734,68219.438,2700,36421,0,2024-05-30 16:00:00,2024-05-30 16:00:00,134.3516071428021,-62.10272804614215,68199.87911904756,0.0021454860896942558,0.0010470367393710372,67911.45511904759,68476.87192745895,69006.68952948478,68055.26558503062,67956.08986688934,68202.85128138981,40.096808028712985,19.584040347066676,266.09988011796685,41.30763708289305,39.39717922259297,23.14053250772122,68563.58611954907,67843.61644323055,79.34065006472791,82.89978914918045,False,False,,,,
2024-05-30 16:30:00,68212.203,68281.438,68075.438,68250.836,2715,36421,0,2024-05-30 16:00:00,2024-05-30 16:00:00,134.3516071428021,-62.10272804614215,68199.87911904756,0.0021454860896942558,0.0010470367393710372,67911.45511904759,68476.87192745895,69006.68952948478,68085.35334117975,67977.92291378643,68245.3751857585,45.011654781206744,24.669563233894692,278.17724066764333,42.52390436868882,41.30763708289305,39.39717922259297,68622.41446065981,67869.83591085719,81.22953475602598,81.5273386175683,False,False,,,,
2024-05-30 16:45:00,68250.836,68709.039,68247.25,68628.336,3262,36421,0,2024-05-30 16:00:00,2024-05-30 16:00:00,134.3516071428021,-62.10272804614215,68199.87911904756,0.0021454860896942558,0.0010470367393710372,67911.45511904759,68476.87192745895,69006.68952948478,68168.88913484442,68026.10166091335,68337.84189198485,59.661895818047924,31.668029750725342,316.9698465979239,92.46670622634701,42.52390436868882,41.30763708289305,68767.25118489204,67909.93259907766,84.48961906822205,81.68660129632532,False,False,,,,
2024-05-30 17:00:00,68628.336,68849.734,68491.836,68491.836,3144,36421,0,2024-05-30 17:00:00,2024-05-30 17:00:00,288.42399999996996,1.2777069966832642,68331.95933333329,0.0023201157647905132,0.00161659861431138,68199.87911904756,68745.89924052922,69311.35034791117,68218.57326794526,68060.6005008457,68389.01898520815,67.7544047836418,38.88530475730864,333.61860541674275,51.17709322330484,92.46670622634701,42.52390436868882,68840.90410252076,67938.63386789555,80.42600443603956,82.04838608676253,False,False,,,,
2024-05-30 17:15:00,68485.578,68819.641,68481.836,68677.063,2131,36421,0,2024-05-30 17:00:00,2024-05-30 17:00:00,288.42399999996996,1.2777069966832642,68331.95933333329,0.0023201157647905132,0.00161659861431138,68199.87911904756,68745.89924052922,69311.35034791117,68289.11014979983,68106.26438967195,68476.46004678357,79.45009232420125,46.998262270687164,332.71897492869334,87.44106157541682,51.17709322330484,92.46670622634701,68927.1306629373,68027.28943062984,80.85634806278777,81.9239905223498,False,False,,,,
2024-05-30 17:30:00,68677.016,68775.234,68471.836,68527.539,2082,36421,0,2024-05-30 17:00:00,2024-05-30 17:00:00,288.42399999996996,1.2777069966832642,68331.95933333329,0.0023201157647905132,0.00161659861431138,68199.87911904756,68745.89924052922,69311.35034791117,68325.79151136908,68137.46991636291,68508.46423976606,84.5498913754418,54.50858809163809,326.9566981335383,32.004192982494715,87.44106157541682,51.17709322330484,68951.35578224635,68067.07269728578,73.5699984503333,78.28411698305355,False,False,,,,
2024-05-30 17:45:00,68527.539,68581.734,68266.539,68371.539,1758,36421,0,2024-05-30 17:00:00,2024-05-30 17:00:00,288.42399999996996,1.2777069966832642,68331.95933333329,0.0023201157647905132,0.00161659861431138,68199.87911904756,68745.89924052922,69311.35034791117,68332.82958654307,68154.8083670027,68505.38977812171,83.86242078775831,60.37935463086214,320.6542262927271,-3.074461644355324,32.004192982494715,87.44106157541682,68938.27298361689,68071.00657262653,69.84159305749303,74.75597985687136,False,False,,,,
2024-05-30 18:00:00,68371.336,68443.539,68155.156,68282.836,1918,36421,0,2024-05-30 18:00:00,2024-05-30 18:00:00,132.0802142857283,30.434951466173516,68456.64539285708,0.0021264451371986928,0.002055553453200228,68331.95933333329,68756.95871871787,69580.54293831137,68325.13826553644,68164.29189537287,68497.18238562095,80.21505882618658,64.34649546992702,315.0560421627855,-8.207392500757123,-3.074461644355324,32.004192982494715,68922.5080425407,68070.3567287012,57.62318301565207,67.01159150782613,False,False,,,,
2024-05-30 18:15:00,68281.836,68477.438,68270.688,68435.039,1428,36421,0,2024-05-30 18:00:00,2024-05-30 18:00:00,132.0802142857283,30.434951466173516,68456.64539285708,0.0021264451371986928,0.002055553453200228,68331.95933333329,68756.95871871787,69580.54293831137,68342.04607083852,68184.34723645636,68513.045488476,80.97441946291656,67.67208026852492,314.5791278148859,15.863102855044417,-8.207392500757123,-3.074461644355324,68939.22731102609,68088.3636659259,54.75629939563037,60.74035848959182,False,False,,,,
2024-05-30 18:30:00,68436.734,68639.734,68381.836,68437.539,1973,36421,0,2024-05-30 18:00:00,2024-05-30 18:00:00,132.0802142857283,30.434951466173516,68456.64539285708,0.0021264451371986928,0.002055553453200228,68331.95933333329,68756.95871871787,69580.54293831137,68356.73729070951,68203.10218190405,68524.76639456484,81.17296260717558,70.37225673625505,302.7754748086281,11.72090608884173,15.863102855044417,-8.207392500757123,68935.01328555649,68116.01950357319,55.38047533233304,55.91998591453849,False,False,,,,
2024-05-30 18:45:00,68437.539,68618.641,68437.539,68548.234,1387,36421,0,2024-05-30 18:00:00,2024-05-30 18:00:00,132.0802142857283,30.434951466173516,68456.64539285708,0.0021264451371986928,0.002055553453200228,68331.95933333329,68756.95871871787,69580.54293831137,68386.19832290805,68228.667501763,68561.32992913658,83.98795165847696,73.09539572069944,291.64362796723606,36.56353457174555,11.72090608884173,15.863102855044417,68956.54882689235,68167.61103138082,62.56637342510147,57.56771605102163,False,False,,,,
2024-05-30 19:00:00,68548.234,68630.734,68422.039,68437.938,1696,36421,0,2024-05-30 19:00:00,2024-05-30 19:00:00,124.68605952379585,67.02743700248539,68591.32577380954,0.0018649270854209604,0.002055544524410091,68456.64539285708,68810.71845542222,69723.89658319826,68394.15827322988,68244.16902015093,68560.03574131412,82.68048240237113,75.01241305703378,283.1859210535475,-1.2941878224664833,36.56353457174555,11.72090608884173,68942.33673473641,68176.23474789182,57.92858003164144,58.62514292969198,False,False,,,,
2024-05-30 19:15:00,68434.023,68525.039,68392.766,68443.234,1385,36421,0,2024-05-30 19:00:00,2024-05-30 19:00:00,124.68605952379585,67.02743700248539,68591.32577380954,0.0018649270854209604,0.002055544524410091,68456.64539285708,68810.71845542222,69723.89658319826,68401.70838504068,68258.91457421384,68538.4500068799,81.20275609467353,76.25048166456173,259.5527198136468,-21.585734434222104,-1.2941878224664833,36.56353457174555,68888.84617862832,68186.55383513148,54.85962924831208,58.45152756835166,False,False,,,,
2024-05-30 19:30:00,68445.141,68511.836,68412.938,68478.641,887,36421,0,2024-05-30 19:00:00,2024-05-30 19:00:00,124.68605952379585,67.02743700248539,68591.32577380954,0.0018649270854209604,0.002055544524410091,68456.64539285708,68810.71845542222,69723.89658319826,68413.5441719575,68275.19060575355,68527.31770725836,80.45095384058368,77.09057609976612,239.3840782278486,-11.132299621531274,-21.585734434222104,-1.2941878224664833,68850.48621286596,68202.64920165077,49.26829040609596,54.01883322868316,False,False,,,,
2024-05-30 19:45:00,68470.719,68727.836,68470.719,68704.938,777,36421,0,2024-05-30 19:00:00,2024-05-30 19:00:00,124.68605952379585,67.02743700248539,68591.32577380954,0.0018649270854209604,0.002055544524410091,68456.64539285708,68810.71845542222,69723.89658319826,68458.37399165635,68307.0237460681,68556.68191090472,85.77092746830021,78.82664637347295,245.0371857905484,29.364203646357055,-11.132299621531274,-21.585734434222104,68888.98211172195,68225.88171008749,60.52541812214154,54.88444592551652,False,False,,,,
2024-05-30 20:00:00,68690.508,68901.539,68685.383,68901.539,951,36421,0,2024-05-30 20:00:00,2024-05-30 20:00:00,134.6803809524572,107.43352183004026,68890.33935714292,0.0018649277396013556,0.0030426013127174243,68591.32577380954,68939.71433738396,70433.44861557144,68526.55322370923,68351.06191302602,68630.89398864811,95.33594375413668,82.1285058496057,262.38538763967176,74.21207774338836,29.364203646357055,-11.132299621531274,68986.61426196167,68276.67371533455,77.79105148418716,62.52825333747489,True,False,69401.539,68501.539,69001.539,69051.539
2024-05-30 20:15:00,68893.656,69150.539,68799.758,69026.836,2279,36421,0,2024-05-30 20:00:00,2024-05-30 20:00:00,134.6803809524572,107.43352183004026,68890.33935714292,0.0018649277396013556,0.0030426013127174243,68591.32577380954,68939.71433738396,70433.44861557144,68603.51980467704,68401.11925280187,68710.42601651188,106.38767532404745,86.98033974449405,286.0772413713978,79.53202786376642,74.21207774338836,29.364203646357055,69098.13029236326,68324.22174066049,89.62399313995415,75.98015424876094,True,False,69526.836,68626.836,69126.836,69176.836
2024-05-30 20:30:00,69026.836,69512.234,69026.836,69451.141,1759,36421,0,2024-05-30 20:00:00,2024-05-30 20:00:00,134.6803809524572,107.43352183004026,68890.33935714292,0.0018649277396013556,0.0030426013127174243,68591.32577380954,68939.71433738396,70433.44861557144,68733.92306549595,68478.89864148322,68861.18166597866,127.16777134611038,95.01782606481731,351.8553813403906,150.7556494667806,79.53202786376642,74.21207774338836,69337.68643078818,68386.17690116914,94.35683893179426,87.2572945186452,False,False,,,,
2024-05-30 20:45:00,69436.898,69549.734,69344.234,69348.336,1425,36421,0,2024-05-30 20:00:00,2024-05-30 20:00:00,134.6803809524572,107.43352183004026,68890.33935714292,0.0018649277396013556,0.0030426013127174243,68591.32577380954,68939.71433738396,70433.44861557144,68828.44813234273,68543.30140878075,68973.91393360854,140.9707078514184,104.20840242213754,384.46862162357644,112.73226762987906,150.7556494667806,79.53202786376642,69494.44657280037,68454.8812944167,89.54300516511593,91.17461241228811,False,False,,,,
2024-05-30 21:00:00,69362.938,69461.539,69171.938,69171.938,899,36421,0,2024-05-30 21:00:00,2024-05-30 21:00:00,299.013583333377,189.19159373961156,69139.5354880952,0.0022206655778818306,0.003042809242497455,68890.33935714292,69244.95277714687,70647.87874421444,68881.29272736693,68589.86708220441,69039.03386756107,146.69152592985483,112.705027123681,383.3347756329189,65.11993395253376,112.73226762987906,150.7556494667806,69558.0358146655,68521.53192045663,84.65544949249382,89.51843119646799,False,False,,,,
2024-05-30 21:15:00,69168.672,69454.336,69116.922,69320.438,1498,36421,0,2024-05-30 21:00:00,2024-05-30 21:00:00,299.013583333377,189.19159373961156,69139.5354880952,0.0022206655778818306,0.003042809242497455,68890.33935714292,69244.95277714687,70647.87874421444,68948.85353854125,68643.98344648557,69152.22721396631,154.83392134893802,121.13080596873242,395.5243864472496,113.19334640524175,65.11993395253376,112.73226762987906,69687.6851356701,68618.26929226253,80.67539666718751,84.9579504415991,True,False,69820.438,68920.438,69420.438,69470.438
2024-05-30 21:30:00,69316.594,69367.039,69148.836,69312.25,1307,36421,0,2024-05-30 21:00:00,2024-05-30 21:00:00,299.013583333377,189.19159373961156,69139.5354880952,0.0022206655778818306,0.003042809242497455,68890.33935714292,69244.95277714687,70647.87874421444,69004.76068645799,68693.48467267182,69240.6844537324,160.49270655140572,129.0031860852671,403.55772777475863,88.45723976609588,113.19334640524175,65.11993395253376,69786.98738622833,68695.88152123649,79.30013845958719,81.54366153975617,False,False,,,,
2024-05-30 21:45:00,69313.008,69401.734,69224.141,69400.539,1093,36421,0,2024-05-30 21:00:00,2024-05-30 21:00:00,299.013583333377,189.19159373961156,69139.5354880952,0.0022206655778818306,0.003042809242497455,68890.33935714292,69244.95277714687,70647.87874421444,69065.64965777214,68745.85906728872,69349.91258032333,166.77477782363712,136.5575044329411,421.7917879721686,109.22812659092597,88.45723976609588,113.19334640524175,69920.83149408577,68780.4936665609,84.07203362427423,81.34918958368297,False,False,,,,
2024-05-30 22:00:00,69389.297,69401.938,69205.336,69243.539,1451,36421,0,2024-05-30 22:00:00,2024-05-30 22:00:00,249.1961309522885,255.25537550648733,69046.7949047619,0.001409334070291888,0.003042826039036954,69139.5354880952,68846.66310090414,70862.99637208482,69093.01724888412,68782.72424748956,69404.87933642922,166.5350362451136,142.5530107953756,420.6606197168778,54.966756105888635,109.22812659092597,88.45723976609588,69974.271173047,68836.98749981144,80.73092282159809,81.36769830181983,False,False,,,,
2024-05-30 22:15:00,69234.609,69285.938,68921.734,68986.836,1689,36421,0,2024-05-30 22:00:00,2024-05-30 22:00:00,249.1961309522885,255.25537550648733,69046.7949047619,0.001409334070291888,0.003042826039036954,69139.5354880952,68846.66310090414,70862.99637208482,69076.68167213272,68797.84363656442,69386.45000309595,157.94085106295825,145.63057884889213,409.261165274579,-18.42933333327528,54.966756105888635,109.22812659092597,69938.95257621663,68832.44742997526,70.70239540911167,78.50178395166132,False,False,,,,
2024-05-30 22:30:00,68986.836,69103.734,68637.539,68745.938,2143,36421,0,2024-05-30 22:00:00,2024-05-30 22:00:00,249.1961309522885,255.25537550648733,69046.7949047619,0.001409334070291888,0.003042826039036954,69139.5354880952,68846.66310090414,70862.99637208482,69025.79803026615,68793.99877459668,69305.29900653595,142.79794007698365,145.06405109451043,393.3102849683758,-81.15099655999802,-18.42933333327528,54.966756105888635,69836.26789124326,68772.83012182864,51.802498715032016,67.74527231524725,False,False,,,,
2024-05-30 22:45:00,68745.219,68745.219,68446.734,68683.836,2197,36421,0,2024-05-30 22:00:00,2024-05-30 22:00:00,249.1961309522885,255.25537550648733,69046.7949047619,0.001409334070291888,0.003042826039036954,69139.5354880952,68846.66310090414,70862.99637208482,68973.18848714828,68785.838569071,69219.28489336088,127.32959657724132,141.51716019105663,378.04536590454865,-86.01411317507154,-81.15099655999802,-18.42933333327528,69729.64613733202,68707.42364938973,35.234249606497734,52.57971457688047,False,False,,,,
2024-05-30 23:00:00,68686.836,68693.734,68047.656,68201.734,2687,36421,0,2024-05-30 23:00:00,2024-05-30 23:00:00,-92.74058333330322,246.93296662860666,68887.3152619047,-3.748869300118868e-05,0.0016942807969331439,69046.7949047619,68037.12630671513,70395.88966447469,68854.50318143316,68742.57156395463,69039.43027347783,99.6846551039489,133.1506591736351,395.45272290197323,-179.8546198830445,-86.01411317507154,-81.15099655999802,69573.2914493955,68504.06909756016,21.537754457710378,36.191500926413376,False,True,67701.734,68601.734,68101.734,68051.734
